#
# There is insufficient memory for the Java Runtime Environment to continue.
# Native memory allocation (mmap) failed to map 190840832 bytes. Error detail: G1 virtual space
# Possible reasons:
#   The system is out of physical RAM or swap space
#   This process is running with CompressedOops enabled, and the Java Heap may be blocking the growth of the native heap
# Possible solutions:
#   Reduce memory load on the system
#   Increase physical memory or swap space
#   Check if swap backing store is full
#   Decrease Java heap size (-Xmx/-Xms)
#   Decrease number of Java threads
#   Decrease Java thread stack sizes (-Xss)
#   Set larger code cache with -XX:ReservedCodeCacheSize=
#   JVM is running with Zero Based Compressed Oops mode in which the Java heap is
#     placed in the first 32GB address space. The Java Heap base address is the
#     maximum limit for the native heap growth. Please use -XX:HeapBaseMinAddress
#     to set the Java Heap base and to place the Java Heap above 32GB virtual address.
# This output file may be truncated or incomplete.
#
#  Out of Memory Error (os_windows.cpp:3703), pid=7912, tid=11180
#
# JRE version: Java(TM) SE Runtime Environment (23.0.1+11) (build 23.0.1+11-39)
# Java VM: Java HotSpot(TM) 64-Bit Server VM (23.0.1+11-39, mixed mode, sharing, tiered, compressed oops, compressed class ptrs, g1 gc, windows-amd64)
# No core dump will be written. Minidumps are not enabled by default on client versions of Windows
#

---------------  S U M M A R Y ------------

Command Line: --add-opens=java.base/java.lang=ALL-UNNAMED --add-opens=java.base/java.lang.invoke=ALL-UNNAMED --add-opens=java.base/java.util=ALL-UNNAMED --add-opens=java.prefs/java.util.prefs=ALL-UNNAMED --add-exports=jdk.compiler/com.sun.tools.javac.api=ALL-UNNAMED --add-exports=jdk.compiler/com.sun.tools.javac.util=ALL-UNNAMED --add-opens=java.base/java.nio.charset=ALL-UNNAMED --add-opens=java.base/java.net=ALL-UNNAMED --add-opens=java.base/java.util.concurrent=ALL-UNNAMED --add-opens=java.base/java.util.concurrent.atomic=ALL-UNNAMED --add-opens=java.xml/javax.xml.namespace=ALL-UNNAMED --add-opens=java.base/java.time=ALL-UNNAMED -Xmx4096m -Dfile.encoding=UTF-8 -Duser.country=US -Duser.language=en -Duser.variant -javaagent:C:\ProgramData\chocolatey\lib\gradle\tools\gradle-9.7.0\lib\agents\gradle-instrumentation-agent-9.7.0.jar org.gradle.launcher.daemon.bootstrap.GradleDaemon 9.7.0

Host: 11th Gen Intel(R) Core(TM) i5-1145G7 @ 2.60GHz, 8 cores, 7G,  Windows 11 , 64 bit Build 26100 (10.0.26100.9168)
Time: Sat Aug 22 17:23:06 2026 India Standard Time elapsed time: 43.863119 seconds (0d 0h 0m 43s)

---------------  T H R E A D  ---------------

Current thread (0x000001d9a7dd5910):  VMThread "VM Thread"          [id=11180, stack(0x0000003c27300000,0x0000003c27400000) (1024K)]

Stack: [0x0000003c27300000,0x0000003c27400000]
Native frames: (J=compiled Java code, j=interpreted, Vv=VM code, C=native code)
V  [jvm.dll+0x6e08b9]  (no source info available)
V  [jvm.dll+0x87dc83]  (no source info available)
V  [jvm.dll+0x88010e]  (no source info available)
V  [jvm.dll+0x8807e3]  (no source info available)
V  [jvm.dll+0x27aee6]  (no source info available)
V  [jvm.dll+0x6dd1c5]  (no source info available)
V  [jvm.dll+0x6d104a]  (no source info available)
V  [jvm.dll+0x35b3ea]  (no source info available)
V  [jvm.dll+0x3637f6]  (no source info available)
V  [jvm.dll+0x34fd5e]  (no source info available)
V  [jvm.dll+0x34fff8]  (no source info available)
V  [jvm.dll+0x3289cc]  (no source info available)
V  [jvm.dll+0x328a5a]  (no source info available)
V  [jvm.dll+0x374c92]  (no source info available)
V  [jvm.dll+0x373392]  (no source info available)
V  [jvm.dll+0x3281a7]  (no source info available)
V  [jvm.dll+0x372b44]  (no source info available)
V  [jvm.dll+0x886720]  (no source info available)
V  [jvm.dll+0x887a47]  (no source info available)
V  [jvm.dll+0x887f78]  (no source info available)
V  [jvm.dll+0x888213]  (no source info available)
V  [jvm.dll+0x824f8b]  (no source info available)
V  [jvm.dll+0x6df065]  (no source info available)
C  [ucrtbase.dll+0x2cd30]  (no source info available)
C  [KERNEL32.DLL+0x2ccb7]  (no source info available)
C  [ntdll.dll+0xaad6c]  (no source info available)

VM_Operation (0x0000003c2a2f8490): G1CollectForAllocation, mode: safepoint, requested by thread 0x000001d9ee2d8730


---------------  P R O C E S S  ---------------

Threads class SMR info:
_java_thread_list=0x000001d9f319bab0, length=57, elements={
0x000001d98631c720, 0x000001d9a7debc50, 0x000001d9a7df06d0, 0x000001d9a7df3f90,
0x000001d9a7df5e50, 0x000001d9a7df7c40, 0x000001d9a7df9770, 0x000001d9a7e0a9b0,
0x000001d9a7e2ec50, 0x000001d9ed1116c0, 0x000001d9ed9e1e60, 0x000001d9ee06a6a0,
0x000001d9ef77caf0, 0x000001d9ef891460, 0x000001d9ef7776b0, 0x000001d9ef777d20,
0x000001d9ef9ae870, 0x000001d9ef9b0940, 0x000001d9ef9b1660, 0x000001d9ef9b1cf0,
0x000001d9ef9aef00, 0x000001d9ef9afc20, 0x000001d9ef9b02b0, 0x000001d9ef9b0fd0,
0x000001d9f0ca1a80, 0x000001d9f0ca2110, 0x000001d9f0ca13f0, 0x000001d9f0ca27a0,
0x000001d9f0ca0d60, 0x000001d9f0ca34c0, 0x000001d9f0ca7cf0, 0x000001d9f0ca5c20,
0x000001d9ee2d9450, 0x000001d9ee2d7a10, 0x000001d9ee2d80a0, 0x000001d9ee2d8dc0,
0x000001d9ee2d9ae0, 0x000001d9ee2d6660, 0x000001d9ee2d8730, 0x000001d9ed103ab0,
0x000001d9ed103420, 0x000001d9ed102070, 0x000001d9ed102700, 0x000001d9f4788070,
0x000001d9f4788700, 0x000001d9f4785fa0, 0x000001d9f2e8c4e0, 0x000001d9f2e8b7c0,
0x000001d9f2e8be50, 0x000001d9f2e89d80, 0x000001d9f2e8aaa0, 0x000001d9f2e896f0,
0x000001d9f38a7aa0, 0x000001d9f38a94e0, 0x000001d9f38acff0, 0x000001d9f38aa200,
0x000001d9f38aa890
}

Java Threads: ( => current thread )
  0x000001d98631c720 JavaThread "main"                              [_thread_blocked, id=11888, stack(0x0000003c26c00000,0x0000003c26d00000) (1024K)]
  0x000001d9a7debc50 JavaThread "Reference Handler"          daemon [_thread_blocked, id=21492, stack(0x0000003c27400000,0x0000003c27500000) (1024K)]
  0x000001d9a7df06d0 JavaThread "Finalizer"                  daemon [_thread_blocked, id=2864, stack(0x0000003c27500000,0x0000003c27600000) (1024K)]
  0x000001d9a7df3f90 JavaThread "Signal Dispatcher"          daemon [_thread_blocked, id=11436, stack(0x0000003c27600000,0x0000003c27700000) (1024K)]
  0x000001d9a7df5e50 JavaThread "Attach Listener"            daemon [_thread_blocked, id=11040, stack(0x0000003c27700000,0x0000003c27800000) (1024K)]
  0x000001d9a7df7c40 JavaThread "Service Thread"             daemon [_thread_blocked, id=18316, stack(0x0000003c27800000,0x0000003c27900000) (1024K)]
  0x000001d9a7df9770 JavaThread "Monitor Deflation Thread"   daemon [_thread_blocked, id=6760, stack(0x0000003c27900000,0x0000003c27a00000) (1024K)]
  0x000001d9a7e0a9b0 JavaThread "C2 CompilerThread0"         daemon [_thread_blocked, id=2684, stack(0x0000003c27a00000,0x0000003c27b00000) (1024K)]
  0x000001d9a7e2ec50 JavaThread "C1 CompilerThread0"         daemon [_thread_blocked, id=15144, stack(0x0000003c27b00000,0x0000003c27c00000) (1024K)]
  0x000001d9ed1116c0 JavaThread "Common-Cleaner"             daemon [_thread_blocked, id=17988, stack(0x0000003c27c00000,0x0000003c27d00000) (1024K)]
  0x000001d9ed9e1e60 JavaThread "Notification Thread"        daemon [_thread_blocked, id=12696, stack(0x0000003c27e00000,0x0000003c27f00000) (1024K)]
  0x000001d9ee06a6a0 JavaThread "Daemon health stats"               [_thread_blocked, id=21624, stack(0x0000003c28400000,0x0000003c28500000) (1024K)]
  0x000001d9ef77caf0 JavaThread "Incoming local TCP Connector on port 52538"        [_thread_in_native, id=7720, stack(0x0000003c28500000,0x0000003c28600000) (1024K)]
  0x000001d9ef891460 JavaThread "Daemon periodic checks"            [_thread_blocked, id=17884, stack(0x0000003c28600000,0x0000003c28700000) (1024K)]
  0x000001d9ef7776b0 JavaThread "Daemon"                            [_thread_blocked, id=20060, stack(0x0000003c28700000,0x0000003c28800000) (1024K)]
  0x000001d9ef777d20 JavaThread "Handler for socket connection from /127.0.0.1:52538 to /127.0.0.1:52539"        [_thread_in_native, id=9196, stack(0x0000003c28800000,0x0000003c28900000) (1024K)]
  0x000001d9ef9ae870 JavaThread "Cancel handler"                    [_thread_blocked, id=18484, stack(0x0000003c28900000,0x0000003c28a00000) (1024K)]
  0x000001d9ef9b0940 JavaThread "Daemon worker"                     [_thread_blocked, id=2696, stack(0x0000003c28a00000,0x0000003c28b00000) (1024K)]
  0x000001d9ef9b1660 JavaThread "Asynchronous log dispatcher for DefaultDaemonConnection: socket connection from /127.0.0.1:52538 to /127.0.0.1:52539"        [_thread_blocked, id=20488, stack(0x0000003c28b00000,0x0000003c28c00000) (1024K)]
  0x000001d9ef9b1cf0 JavaThread "Stdin handler"                     [_thread_blocked, id=6336, stack(0x0000003c28c00000,0x0000003c28d00000) (1024K)]
  0x000001d9ef9aef00 JavaThread "Daemon client event forwarder"        [_thread_blocked, id=3008, stack(0x0000003c28d00000,0x0000003c28e00000) (1024K)]
  0x000001d9ef9afc20 JavaThread "Cache worker for journal cache (C:\Users\DELL\.gradle\caches\journal-1)"        [_thread_blocked, id=8200, stack(0x0000003c29000000,0x0000003c29100000) (1024K)]
  0x000001d9ef9b02b0 JavaThread "File lock request listener"        [_thread_in_native, id=23044, stack(0x0000003c29100000,0x0000003c29200000) (1024K)]
  0x000001d9ef9b0fd0 JavaThread "Cache worker for file hash cache (C:\Users\DELL\.gradle\caches\9.7.0\fileHashes)"        [_thread_blocked, id=10224, stack(0x0000003c29200000,0x0000003c29300000) (1024K)]
  0x000001d9f0ca1a80 JavaThread "Cache worker for file hash cache (C:\Users\DELL\Desktop\NewsPulse-AI-project\android-app\.gradle\9.7.0\fileHashes)"        [_thread_blocked, id=22784, stack(0x0000003c29400000,0x0000003c29500000) (1024K)]
  0x000001d9f0ca2110 JavaThread "Cache worker for Build Output Cleanup Cache (C:\Users\DELL\Desktop\NewsPulse-AI-project\android-app\.gradle\buildOutputCleanup)"        [_thread_blocked, id=15792, stack(0x0000003c29500000,0x0000003c29600000) (1024K)]
  0x000001d9f0ca13f0 JavaThread "File watcher server"        daemon [_thread_blocked, id=18988, stack(0x0000003c29600000,0x0000003c29700000) (1024K)]
  0x000001d9f0ca27a0 JavaThread "File watcher consumer"      daemon [_thread_blocked, id=2924, stack(0x0000003c29700000,0x0000003c29800000) (1024K)]
  0x000001d9f0ca0d60 JavaThread "Cache worker for file content cache (C:\Users\DELL\.gradle\caches\9.7.0\fileContent)"        [_thread_blocked, id=20128, stack(0x0000003c29800000,0x0000003c29900000) (1024K)]
  0x000001d9f0ca34c0 JavaThread "Cache worker for checksums cache (C:\Users\DELL\Desktop\NewsPulse-AI-project\android-app\.gradle\9.7.0\checksums)"        [_thread_blocked, id=23520, stack(0x0000003c29900000,0x0000003c29a00000) (1024K)]
  0x000001d9f0ca7cf0 JavaThread "Cache worker for cache directory md-supplier (C:\Users\DELL\.gradle\caches\9.7.0\md-supplier)"        [_thread_blocked, id=21052, stack(0x0000003c29a00000,0x0000003c29b00000) (1024K)]
  0x000001d9f0ca5c20 JavaThread "Cache worker for cache directory md-rule (C:\Users\DELL\.gradle\caches\9.7.0\md-rule)"        [_thread_blocked, id=7928, stack(0x0000003c29b00000,0x0000003c29c00000) (1024K)]
  0x000001d9ee2d9450 JavaThread "Build operations"                  [_thread_blocked, id=9188, stack(0x0000003c29c00000,0x0000003c29d00000) (1024K)]
  0x000001d9ee2d7a10 JavaThread "Build operations Thread 2"         [_thread_blocked, id=17240, stack(0x0000003c29d00000,0x0000003c29e00000) (1024K)]
  0x000001d9ee2d80a0 JavaThread "Build operations Thread 3"         [_thread_blocked, id=14320, stack(0x0000003c29e00000,0x0000003c29f00000) (1024K)]
  0x000001d9ee2d8dc0 JavaThread "Build operations Thread 4"         [_thread_blocked, id=19440, stack(0x0000003c29f00000,0x0000003c2a000000) (1024K)]
  0x000001d9ee2d9ae0 JavaThread "Build operations Thread 5"         [_thread_blocked, id=5984, stack(0x0000003c2a000000,0x0000003c2a100000) (1024K)]
  0x000001d9ee2d6660 JavaThread "Build operations Thread 6"         [_thread_blocked, id=15984, stack(0x0000003c2a100000,0x0000003c2a200000) (1024K)]
  0x000001d9ee2d8730 JavaThread "Build operations Thread 7"         [_thread_blocked, id=1956, stack(0x0000003c2a200000,0x0000003c2a300000) (1024K)]
  0x000001d9ed103ab0 JavaThread "Build operations Thread 8"         [_thread_blocked, id=6400, stack(0x0000003c2a300000,0x0000003c2a400000) (1024K)]
  0x000001d9ed103420 JavaThread "Problems report writer"            [_thread_blocked, id=21364, stack(0x0000003c2a400000,0x0000003c2a500000) (1024K)]
  0x000001d9ed102070 JavaThread "Memory manager"                    [_thread_blocked, id=12416, stack(0x0000003c27d00000,0x0000003c27e00000) (1024K)]
  0x000001d9ed102700 JavaThread "build event listener"              [_thread_blocked, id=12492, stack(0x0000003c2a500000,0x0000003c2a600000) (1024K)]
  0x000001d9f4788070 JavaThread "included builds"                   [_thread_blocked, id=17948, stack(0x0000003c2a600000,0x0000003c2a700000) (1024K)]
  0x000001d9f4788700 JavaThread "Execution worker"                  [_thread_blocked, id=10344, stack(0x0000003c2a700000,0x0000003c2a800000) (1024K)]
  0x000001d9f4785fa0 JavaThread "Execution worker Thread 2"         [_thread_blocked, id=23164, stack(0x0000003c2a800000,0x0000003c2a900000) (1024K)]
  0x000001d9f2e8c4e0 JavaThread "Execution worker Thread 3"         [_thread_blocked, id=23400, stack(0x0000003c2a900000,0x0000003c2aa00000) (1024K)]
  0x000001d9f2e8b7c0 JavaThread "Execution worker Thread 4"         [_thread_blocked, id=3872, stack(0x0000003c2aa00000,0x0000003c2ab00000) (1024K)]
  0x000001d9f2e8be50 JavaThread "Execution worker Thread 5"         [_thread_blocked, id=22760, stack(0x0000003c2ab00000,0x0000003c2ac00000) (1024K)]
  0x000001d9f2e89d80 JavaThread "Execution worker Thread 6"         [_thread_blocked, id=22204, stack(0x0000003c2ac00000,0x0000003c2ad00000) (1024K)]
  0x000001d9f2e8aaa0 JavaThread "Execution worker Thread 7"         [_thread_blocked, id=12648, stack(0x0000003c2ad00000,0x0000003c2ae00000) (1024K)]
  0x000001d9f2e896f0 JavaThread "Cache worker for execution history cache (C:\Users\DELL\Desktop\NewsPulse-AI-project\android-app\.gradle\9.7.0\executionHistory)"        [_thread_blocked, id=20732, stack(0x0000003c2ae00000,0x0000003c2af00000) (1024K)]
  0x000001d9f38a7aa0 JavaThread "WorkerExecutor Queue"              [_thread_blocked, id=12056, stack(0x0000003c2af00000,0x0000003c2b000000) (1024K)]
  0x000001d9f38a94e0 JavaThread "pool-3-thread-1"                   [_thread_blocked, id=21580, stack(0x0000003c2b000000,0x0000003c2b100000) (1024K)]
  0x000001d9f38acff0 JavaThread "stderr"                            [_thread_in_native, id=1904, stack(0x0000003c2b100000,0x0000003c2b200000) (1024K)]
  0x000001d9f38aa200 JavaThread "stdout"                            [_thread_in_native, id=13840, stack(0x0000003c2b200000,0x0000003c2b300000) (1024K)]
  0x000001d9f38aa890 JavaThread "WorkerExecutor Queue Thread 2"        [_thread_blocked, id=21988, stack(0x0000003c2b300000,0x0000003c2b400000) (1024K)]
Total: 57

Other Threads:
=>0x000001d9a7dd5910 VMThread "VM Thread"                           [id=11180, stack(0x0000003c27300000,0x0000003c27400000) (1024K)]
  0x000001d9a7dc06c0 WatcherThread "VM Periodic Task Thread"        [id=16760, stack(0x0000003c27200000,0x0000003c27300000) (1024K)]
  0x000001d9888cb820 WorkerThread "GC Thread#0"                     [id=22776, stack(0x0000003c26d00000,0x0000003c26e00000) (1024K)]
  0x000001d9edfeb650 WorkerThread "GC Thread#1"                     [id=15252, stack(0x0000003c27f00000,0x0000003c28000000) (1024K)]
  0x000001d9ee0426f0 WorkerThread "GC Thread#2"                     [id=16664, stack(0x0000003c28000000,0x0000003c28100000) (1024K)]
  0x000001d9ee042aa0 WorkerThread "GC Thread#3"                     [id=22208, stack(0x0000003c28100000,0x0000003c28200000) (1024K)]
  0x000001d9ee042e50 WorkerThread "GC Thread#4"                     [id=20988, stack(0x0000003c28200000,0x0000003c28300000) (1024K)]
  0x000001d9ee043200 WorkerThread "GC Thread#5"                     [id=17264, stack(0x0000003c28300000,0x0000003c28400000) (1024K)]
  0x000001d9ef04a950 WorkerThread "GC Thread#6"                     [id=17068, stack(0x0000003c28e00000,0x0000003c28f00000) (1024K)]
  0x000001d9ef048f80 WorkerThread "GC Thread#7"                     [id=17232, stack(0x0000003c28f00000,0x0000003c29000000) (1024K)]
  0x000001d9888e0780 ConcurrentGCThread "G1 Main Marker"            [id=15940, stack(0x0000003c26e00000,0x0000003c26f00000) (1024K)]
  0x000001d9888e11a0 WorkerThread "G1 Conc#0"                       [id=3304, stack(0x0000003c26f00000,0x0000003c27000000) (1024K)]
  0x000001d9efb17e10 WorkerThread "G1 Conc#1"                       [id=20604, stack(0x0000003c29300000,0x0000003c29400000) (1024K)]
  0x000001d98891e5d0 ConcurrentGCThread "G1 Refine#0"               [id=19092, stack(0x0000003c27000000,0x0000003c27100000) (1024K)]
  0x000001d9a7c93130 ConcurrentGCThread "G1 Service"                [id=22416, stack(0x0000003c27100000,0x0000003c27200000) (1024K)]
Total: 15

Threads with active compile tasks:
C2 CompilerThread0  43931 21315       4       com.android.tools.r8.ir.regalloc.b::b (4458 bytes)
Total: 1

VM state: at safepoint (normal execution)

VM Mutex/Monitor currently owned by a thread:  ([mutex/lock_event])
[0x00007ffc599b3910] Threads_lock - owner thread: 0x000001d9a7dd5910
[0x00007ffc599b3a10] Heap_lock - owner thread: 0x000001d9ee2d8730

Heap address: 0x0000000700000000, size: 4096 MB, Compressed Oops mode: Zero based, Oop shift amount: 3

CDS archive(s) mapped at: [0x000001d9a8000000-0x000001d9a8d70000-0x000001d9a8d70000), size 14090240, SharedBaseAddress: 0x000001d9a8000000, ArchiveRelocationMode: 1.
Compressed class space mapped at: 0x000001d9a9000000-0x000001d9e9000000, reserved size: 1073741824
Narrow klass base: 0x000001d9a8000000, Narrow klass shift: 0, Narrow klass range: 0x41000000

GC Precious Log:
 CardTable entry size: 512
 Card Set container configuration: InlinePtr #cards 4 size 8 Array Of Cards #cards 16 size 48 Howl #buckets 8 coarsen threshold 3686 Howl Bitmap #cards 512 size 80 coarsen threshold 460 Card regions per heap region 1 cards per card region 4096
 CPUs: 8 total, 8 available
 Memory: 7914M
 Large Page Support: Disabled
 NUMA Support: Disabled
 Compressed Oops: Enabled (Zero based)
 Heap Region Size: 2M
 Heap Min Capacity: 8M
 Heap Initial Capacity: 124M
 Heap Max Capacity: 4G
 Pre-touch: Disabled
 Parallel Workers: 8
 Concurrent Workers: 2
 Concurrent Refinement Workers: 8
 Periodic GC: Disabled

Heap:
 garbage-first heap   total reserved 4194304K, committed 1400832K, used 728064K [0x0000000700000000, 0x0000000800000000)
  region size 2048K, 12 young (24576K), 12 survivors (24576K)
 Metaspace       used 119644K, committed 122176K, reserved 1179648K
  class space    used 17161K, committed 18368K, reserved 1048576K

Heap Regions: E=young(eden), S=young(survivor), O=old, HS=humongous(starts), HC=humongous(continues), CS=collection set, F=free, TAMS=top-at-mark-start, PB=parsable bottom
|   0|0x0000000700000000, 0x0000000700200000, 0x0000000700200000|100%|HS|  |TAMS 0x0000000700200000| PB 0x0000000700000000| Complete |  0
|   1|0x0000000700200000, 0x0000000700400000, 0x0000000700400000|100%|HC|  |TAMS 0x0000000700400000| PB 0x0000000700200000| Complete |  0
|   2|0x0000000700400000, 0x0000000700600000, 0x0000000700600000|100%| O|  |TAMS 0x0000000700600000| PB 0x0000000700400000| Untracked |  0
|   3|0x0000000700600000, 0x0000000700800000, 0x0000000700800000|100%| O|  |TAMS 0x0000000700800000| PB 0x0000000700600000| Untracked |  0
|   4|0x0000000700800000, 0x0000000700a00000, 0x0000000700a00000|100%| O|  |TAMS 0x0000000700a00000| PB 0x0000000700800000| Untracked |  0
|   5|0x0000000700a00000, 0x0000000700c00000, 0x0000000700c00000|100%| O|  |TAMS 0x0000000700c00000| PB 0x0000000700a00000| Untracked |  0
|   6|0x0000000700c00000, 0x0000000700e00000, 0x0000000700e00000|100%| O|  |TAMS 0x0000000700e00000| PB 0x0000000700c00000| Untracked |  0
|   7|0x0000000700e00000, 0x0000000701000000, 0x0000000701000000|100%| O|  |TAMS 0x0000000701000000| PB 0x0000000700e00000| Untracked |  0
|   8|0x0000000701000000, 0x0000000701200000, 0x0000000701200000|100%| O|  |TAMS 0x0000000701200000| PB 0x0000000701000000| Untracked |  0
|   9|0x0000000701200000, 0x0000000701400000, 0x0000000701400000|100%| O|  |TAMS 0x0000000701400000| PB 0x0000000701200000| Untracked |  0
|  10|0x0000000701400000, 0x0000000701600000, 0x0000000701600000|100%| O|  |TAMS 0x0000000701600000| PB 0x0000000701400000| Untracked |  0
|  11|0x0000000701600000, 0x0000000701800000, 0x0000000701800000|100%| O|  |TAMS 0x0000000701800000| PB 0x0000000701600000| Untracked |  0
|  12|0x0000000701800000, 0x0000000701a00000, 0x0000000701a00000|100%| O|  |TAMS 0x0000000701a00000| PB 0x0000000701800000| Untracked |  0
|  13|0x0000000701a00000, 0x0000000701c00000, 0x0000000701c00000|100%| O|  |TAMS 0x0000000701c00000| PB 0x0000000701a00000| Untracked |  0
|  14|0x0000000701c00000, 0x0000000701e00000, 0x0000000701e00000|100%| O|  |TAMS 0x0000000701e00000| PB 0x0000000701c00000| Untracked |  0
|  15|0x0000000701e00000, 0x0000000702000000, 0x0000000702000000|100%| O|  |TAMS 0x0000000702000000| PB 0x0000000701e00000| Untracked |  0
|  16|0x0000000702000000, 0x0000000702200000, 0x0000000702200000|100%| O|  |TAMS 0x0000000702200000| PB 0x0000000702000000| Untracked |  0
|  17|0x0000000702200000, 0x0000000702400000, 0x0000000702400000|100%| O|  |TAMS 0x0000000702400000| PB 0x0000000702200000| Untracked |  0
|  18|0x0000000702400000, 0x0000000702600000, 0x0000000702600000|100%| O|  |TAMS 0x0000000702600000| PB 0x0000000702400000| Untracked |  0
|  19|0x0000000702600000, 0x0000000702800000, 0x0000000702800000|100%| O|  |TAMS 0x0000000702800000| PB 0x0000000702600000| Untracked |  0
|  20|0x0000000702800000, 0x0000000702a00000, 0x0000000702a00000|100%| O|  |TAMS 0x0000000702a00000| PB 0x0000000702800000| Untracked |  0
|  21|0x0000000702a00000, 0x0000000702c00000, 0x0000000702c00000|100%|HS|  |TAMS 0x0000000702c00000| PB 0x0000000702a00000| Complete |  0
|  22|0x0000000702c00000, 0x0000000702e00000, 0x0000000702e00000|100%|HS|  |TAMS 0x0000000702e00000| PB 0x0000000702c00000| Complete |  0
|  23|0x0000000702e00000, 0x0000000703000000, 0x0000000703000000|100%| O|  |TAMS 0x0000000703000000| PB 0x0000000702e00000| Untracked |  0
|  24|0x0000000703000000, 0x0000000703200000, 0x0000000703200000|100%|HS|  |TAMS 0x0000000703200000| PB 0x0000000703000000| Complete |  0
|  25|0x0000000703200000, 0x0000000703400000, 0x0000000703400000|100%|HC|  |TAMS 0x0000000703400000| PB 0x0000000703200000| Complete |  0
|  26|0x0000000703400000, 0x0000000703600000, 0x0000000703600000|100%| O|  |TAMS 0x0000000703600000| PB 0x0000000703400000| Untracked |  0
|  27|0x0000000703600000, 0x0000000703800000, 0x0000000703800000|100%| O|  |TAMS 0x0000000703800000| PB 0x0000000703600000| Untracked |  0
|  28|0x0000000703800000, 0x0000000703a00000, 0x0000000703a00000|100%| O|  |TAMS 0x0000000703a00000| PB 0x0000000703800000| Untracked |  0
|  29|0x0000000703a00000, 0x0000000703c00000, 0x0000000703c00000|100%| O|  |TAMS 0x0000000703c00000| PB 0x0000000703a00000| Untracked |  0
|  30|0x0000000703c00000, 0x0000000703e00000, 0x0000000703e00000|100%| O|  |TAMS 0x0000000703e00000| PB 0x0000000703c00000| Untracked |  0
|  31|0x0000000703e00000, 0x0000000704000000, 0x0000000704000000|100%| O|  |TAMS 0x0000000704000000| PB 0x0000000703e00000| Untracked |  0
|  32|0x0000000704000000, 0x0000000704200000, 0x0000000704200000|100%|HS|  |TAMS 0x0000000704200000| PB 0x0000000704000000| Complete |  0
|  33|0x0000000704200000, 0x0000000704400000, 0x0000000704400000|100%|HC|  |TAMS 0x0000000704400000| PB 0x0000000704200000| Complete |  0
|  34|0x0000000704400000, 0x0000000704600000, 0x0000000704600000|100%| O|  |TAMS 0x0000000704600000| PB 0x0000000704400000| Untracked |  0
|  35|0x0000000704600000, 0x0000000704800000, 0x0000000704800000|100%| O|  |TAMS 0x0000000704800000| PB 0x0000000704600000| Untracked |  0
|  36|0x0000000704800000, 0x0000000704a00000, 0x0000000704a00000|100%| O|  |TAMS 0x0000000704a00000| PB 0x0000000704800000| Untracked |  0
|  37|0x0000000704a00000, 0x0000000704c00000, 0x0000000704c00000|100%| O|  |TAMS 0x0000000704c00000| PB 0x0000000704a00000| Untracked |  0
|  38|0x0000000704c00000, 0x0000000704e00000, 0x0000000704e00000|100%| O|  |TAMS 0x0000000704e00000| PB 0x0000000704c00000| Untracked |  0
|  39|0x0000000704e00000, 0x0000000705000000, 0x0000000705000000|100%| O|  |TAMS 0x0000000705000000| PB 0x0000000704e00000| Untracked |  0
|  40|0x0000000705000000, 0x0000000705200000, 0x0000000705200000|100%| O|  |TAMS 0x0000000705200000| PB 0x0000000705000000| Untracked |  0
|  41|0x0000000705200000, 0x0000000705400000, 0x0000000705400000|100%| O|  |TAMS 0x0000000705400000| PB 0x0000000705200000| Untracked |  0
|  42|0x0000000705400000, 0x0000000705600000, 0x0000000705600000|100%| O|  |TAMS 0x0000000705600000| PB 0x0000000705400000| Untracked |  0
|  43|0x0000000705600000, 0x0000000705800000, 0x0000000705800000|100%| O|  |TAMS 0x0000000705800000| PB 0x0000000705600000| Untracked |  0
|  44|0x0000000705800000, 0x0000000705a00000, 0x0000000705a00000|100%| O|  |TAMS 0x0000000705a00000| PB 0x0000000705800000| Untracked |  0
|  45|0x0000000705a00000, 0x0000000705c00000, 0x0000000705c00000|100%| O|  |TAMS 0x0000000705c00000| PB 0x0000000705a00000| Untracked |  0
|  46|0x0000000705c00000, 0x0000000705e00000, 0x0000000705e00000|100%| O|  |TAMS 0x0000000705e00000| PB 0x0000000705c00000| Untracked |  0
|  47|0x0000000705e00000, 0x0000000706000000, 0x0000000706000000|100%| O|  |TAMS 0x0000000706000000| PB 0x0000000705e00000| Untracked |  0
|  48|0x0000000706000000, 0x0000000706200000, 0x0000000706200000|100%|HS|  |TAMS 0x0000000706200000| PB 0x0000000706000000| Complete |  0
|  49|0x0000000706200000, 0x0000000706400000, 0x0000000706400000|100%| O|  |TAMS 0x0000000706400000| PB 0x0000000706200000| Untracked |  0
|  50|0x0000000706400000, 0x0000000706600000, 0x0000000706600000|100%| O|  |TAMS 0x0000000706600000| PB 0x0000000706400000| Untracked |  0
|  51|0x0000000706600000, 0x0000000706800000, 0x0000000706800000|100%| O|  |TAMS 0x0000000706800000| PB 0x0000000706600000| Untracked |  0
|  52|0x0000000706800000, 0x0000000706a00000, 0x0000000706a00000|100%| O|  |TAMS 0x0000000706a00000| PB 0x0000000706800000| Untracked |  0
|  53|0x0000000706a00000, 0x0000000706c00000, 0x0000000706c00000|100%| O|  |TAMS 0x0000000706c00000| PB 0x0000000706a00000| Untracked |  0
|  54|0x0000000706c00000, 0x0000000706e00000, 0x0000000706e00000|100%| O|  |TAMS 0x0000000706e00000| PB 0x0000000706c00000| Untracked |  0
|  55|0x0000000706e00000, 0x0000000707000000, 0x0000000707000000|100%| O|  |TAMS 0x0000000707000000| PB 0x0000000706e00000| Untracked |  0
|  56|0x0000000707000000, 0x0000000707200000, 0x0000000707200000|100%| O|  |TAMS 0x0000000707200000| PB 0x0000000707000000| Untracked |  0
|  57|0x0000000707200000, 0x0000000707400000, 0x0000000707400000|100%| O|  |TAMS 0x0000000707400000| PB 0x0000000707200000| Untracked |  0
|  58|0x0000000707400000, 0x0000000707600000, 0x0000000707600000|100%| O|  |TAMS 0x0000000707600000| PB 0x0000000707400000| Untracked |  0
|  59|0x0000000707600000, 0x0000000707800000, 0x0000000707800000|100%| O|  |TAMS 0x0000000707800000| PB 0x0000000707600000| Untracked |  0
|  60|0x0000000707800000, 0x0000000707a00000, 0x0000000707a00000|100%| O|  |TAMS 0x0000000707a00000| PB 0x0000000707800000| Untracked |  0
|  61|0x0000000707a00000, 0x0000000707c00000, 0x0000000707c00000|100%| O|  |TAMS 0x0000000707c00000| PB 0x0000000707a00000| Untracked |  0
|  62|0x0000000707c00000, 0x0000000707e00000, 0x0000000707e00000|100%| O|  |TAMS 0x0000000707e00000| PB 0x0000000707c00000| Untracked |  0
|  63|0x0000000707e00000, 0x0000000708000000, 0x0000000708000000|100%| O|  |TAMS 0x0000000708000000| PB 0x0000000707e00000| Untracked |  0
|  64|0x0000000708000000, 0x0000000708200000, 0x0000000708200000|100%| O|  |TAMS 0x0000000708200000| PB 0x0000000708000000| Untracked |  0
|  65|0x0000000708200000, 0x0000000708400000, 0x0000000708400000|100%| O|  |TAMS 0x0000000708400000| PB 0x0000000708200000| Untracked |  0
|  66|0x0000000708400000, 0x0000000708600000, 0x0000000708600000|100%| O|  |TAMS 0x0000000708600000| PB 0x0000000708400000| Untracked |  0
|  67|0x0000000708600000, 0x0000000708800000, 0x0000000708800000|100%| O|  |TAMS 0x0000000708800000| PB 0x0000000708600000| Untracked |  0
|  68|0x0000000708800000, 0x0000000708a00000, 0x0000000708a00000|100%| O|  |TAMS 0x0000000708a00000| PB 0x0000000708800000| Untracked |  0
|  69|0x0000000708a00000, 0x0000000708c00000, 0x0000000708c00000|100%| O|  |TAMS 0x0000000708c00000| PB 0x0000000708a00000| Untracked |  0
|  70|0x0000000708c00000, 0x0000000708e00000, 0x0000000708e00000|100%| O|  |TAMS 0x0000000708e00000| PB 0x0000000708c00000| Untracked |  0
|  71|0x0000000708e00000, 0x0000000709000000, 0x0000000709000000|100%| O|  |TAMS 0x0000000709000000| PB 0x0000000708e00000| Untracked |  0
|  72|0x0000000709000000, 0x0000000709200000, 0x0000000709200000|100%| O|  |TAMS 0x0000000709200000| PB 0x0000000709000000| Untracked |  0
|  73|0x0000000709200000, 0x0000000709400000, 0x0000000709400000|100%| O|  |TAMS 0x0000000709400000| PB 0x0000000709200000| Untracked |  0
|  74|0x0000000709400000, 0x0000000709600000, 0x0000000709600000|100%| O|  |TAMS 0x0000000709600000| PB 0x0000000709400000| Untracked |  0
|  75|0x0000000709600000, 0x0000000709800000, 0x0000000709800000|100%| O|  |TAMS 0x0000000709800000| PB 0x0000000709600000| Untracked |  0
|  76|0x0000000709800000, 0x0000000709a00000, 0x0000000709a00000|100%| O|  |TAMS 0x0000000709a00000| PB 0x0000000709800000| Untracked |  0
|  77|0x0000000709a00000, 0x0000000709c00000, 0x0000000709c00000|100%| O|  |TAMS 0x0000000709c00000| PB 0x0000000709a00000| Untracked |  0
|  78|0x0000000709c00000, 0x0000000709e00000, 0x0000000709e00000|100%| O|  |TAMS 0x0000000709e00000| PB 0x0000000709c00000| Untracked |  0
|  79|0x0000000709e00000, 0x000000070a000000, 0x000000070a000000|100%| O|  |TAMS 0x000000070a000000| PB 0x0000000709e00000| Untracked |  0
|  80|0x000000070a000000, 0x000000070a200000, 0x000000070a200000|100%| O|  |TAMS 0x000000070a200000| PB 0x000000070a000000| Untracked |  0
|  81|0x000000070a200000, 0x000000070a400000, 0x000000070a400000|100%| O|  |TAMS 0x000000070a400000| PB 0x000000070a200000| Untracked |  0
|  82|0x000000070a400000, 0x000000070a600000, 0x000000070a600000|100%| O|  |TAMS 0x000000070a600000| PB 0x000000070a400000| Untracked |  0
|  83|0x000000070a600000, 0x000000070a800000, 0x000000070a800000|100%| O|  |TAMS 0x000000070a800000| PB 0x000000070a600000| Untracked |  0
|  84|0x000000070a800000, 0x000000070aa00000, 0x000000070aa00000|100%| O|  |TAMS 0x000000070aa00000| PB 0x000000070a800000| Untracked |  0
|  85|0x000000070aa00000, 0x000000070ac00000, 0x000000070ac00000|100%| O|  |TAMS 0x000000070ac00000| PB 0x000000070aa00000| Untracked |  0
|  86|0x000000070ac00000, 0x000000070ae00000, 0x000000070ae00000|100%| O|  |TAMS 0x000000070ae00000| PB 0x000000070ac00000| Untracked |  0
|  87|0x000000070ae00000, 0x000000070b000000, 0x000000070b000000|100%| O|  |TAMS 0x000000070b000000| PB 0x000000070ae00000| Untracked |  0
|  88|0x000000070b000000, 0x000000070b200000, 0x000000070b200000|100%| O|  |TAMS 0x000000070b200000| PB 0x000000070b000000| Untracked |  0
|  89|0x000000070b200000, 0x000000070b400000, 0x000000070b400000|100%| O|  |TAMS 0x000000070b400000| PB 0x000000070b200000| Untracked |  0
|  90|0x000000070b400000, 0x000000070b600000, 0x000000070b600000|100%| O|  |TAMS 0x000000070b600000| PB 0x000000070b400000| Untracked |  0
|  91|0x000000070b600000, 0x000000070b800000, 0x000000070b800000|100%| O|  |TAMS 0x000000070b800000| PB 0x000000070b600000| Untracked |  0
|  92|0x000000070b800000, 0x000000070ba00000, 0x000000070ba00000|100%| O|  |TAMS 0x000000070ba00000| PB 0x000000070b800000| Untracked |  0
|  93|0x000000070ba00000, 0x000000070bc00000, 0x000000070bc00000|100%| O|  |TAMS 0x000000070bc00000| PB 0x000000070ba00000| Untracked |  0
|  94|0x000000070bc00000, 0x000000070be00000, 0x000000070be00000|100%| O|  |TAMS 0x000000070be00000| PB 0x000000070bc00000| Untracked |  0
|  95|0x000000070be00000, 0x000000070c000000, 0x000000070c000000|100%| O|  |TAMS 0x000000070c000000| PB 0x000000070be00000| Untracked |  0
|  96|0x000000070c000000, 0x000000070c200000, 0x000000070c200000|100%| O|  |TAMS 0x000000070c200000| PB 0x000000070c000000| Untracked |  0
|  97|0x000000070c200000, 0x000000070c400000, 0x000000070c400000|100%| O|  |TAMS 0x000000070c400000| PB 0x000000070c200000| Untracked |  0
|  98|0x000000070c400000, 0x000000070c600000, 0x000000070c600000|100%| O|  |TAMS 0x000000070c600000| PB 0x000000070c400000| Untracked |  0
|  99|0x000000070c600000, 0x000000070c800000, 0x000000070c800000|100%| O|  |TAMS 0x000000070c800000| PB 0x000000070c600000| Untracked |  0
| 100|0x000000070c800000, 0x000000070ca00000, 0x000000070ca00000|100%| O|  |TAMS 0x000000070ca00000| PB 0x000000070c800000| Untracked |  0
| 101|0x000000070ca00000, 0x000000070cc00000, 0x000000070cc00000|100%| O|  |TAMS 0x000000070cc00000| PB 0x000000070ca00000| Untracked |  0
| 102|0x000000070cc00000, 0x000000070ce00000, 0x000000070ce00000|100%| O|  |TAMS 0x000000070ce00000| PB 0x000000070cc00000| Untracked |  0
| 103|0x000000070ce00000, 0x000000070d000000, 0x000000070d000000|100%| O|  |TAMS 0x000000070d000000| PB 0x000000070ce00000| Untracked |  0
| 104|0x000000070d000000, 0x000000070d200000, 0x000000070d200000|100%| O|  |TAMS 0x000000070d200000| PB 0x000000070d000000| Untracked |  0
| 105|0x000000070d200000, 0x000000070d400000, 0x000000070d400000|100%| O|  |TAMS 0x000000070d400000| PB 0x000000070d200000| Untracked |  0
| 106|0x000000070d400000, 0x000000070d600000, 0x000000070d600000|100%| O|  |TAMS 0x000000070d600000| PB 0x000000070d400000| Untracked |  0
| 107|0x000000070d600000, 0x000000070d800000, 0x000000070d800000|100%| O|  |TAMS 0x000000070d800000| PB 0x000000070d600000| Untracked |  0
| 108|0x000000070d800000, 0x000000070da00000, 0x000000070da00000|100%| O|  |TAMS 0x000000070da00000| PB 0x000000070d800000| Untracked |  0
| 109|0x000000070da00000, 0x000000070dc00000, 0x000000070dc00000|100%| O|  |TAMS 0x000000070dc00000| PB 0x000000070da00000| Untracked |  0
| 110|0x000000070dc00000, 0x000000070de00000, 0x000000070de00000|100%| O|  |TAMS 0x000000070de00000| PB 0x000000070dc00000| Untracked |  0
| 111|0x000000070de00000, 0x000000070e000000, 0x000000070e000000|100%| O|  |TAMS 0x000000070e000000| PB 0x000000070de00000| Untracked |  0
| 112|0x000000070e000000, 0x000000070e200000, 0x000000070e200000|100%| O|  |TAMS 0x000000070e200000| PB 0x000000070e000000| Untracked |  0
| 113|0x000000070e200000, 0x000000070e400000, 0x000000070e400000|100%| O|  |TAMS 0x000000070e400000| PB 0x000000070e200000| Untracked |  0
| 114|0x000000070e400000, 0x000000070e600000, 0x000000070e600000|100%| O|  |TAMS 0x000000070e600000| PB 0x000000070e400000| Untracked |  0
| 115|0x000000070e600000, 0x000000070e800000, 0x000000070e800000|100%| O|  |TAMS 0x000000070e800000| PB 0x000000070e600000| Untracked |  0
| 116|0x000000070e800000, 0x000000070ea00000, 0x000000070ea00000|100%| O|  |TAMS 0x000000070ea00000| PB 0x000000070e800000| Untracked |  0
| 117|0x000000070ea00000, 0x000000070ec00000, 0x000000070ec00000|100%| O|  |TAMS 0x000000070ec00000| PB 0x000000070ea00000| Untracked |  0
| 118|0x000000070ec00000, 0x000000070ee00000, 0x000000070ee00000|100%| O|  |TAMS 0x000000070ee00000| PB 0x000000070ec00000| Untracked |  0
| 119|0x000000070ee00000, 0x000000070f000000, 0x000000070f000000|100%| O|  |TAMS 0x000000070f000000| PB 0x000000070ee00000| Untracked |  0
| 120|0x000000070f000000, 0x000000070f200000, 0x000000070f200000|100%| O|  |TAMS 0x000000070f200000| PB 0x000000070f000000| Untracked |  0
| 121|0x000000070f200000, 0x000000070f400000, 0x000000070f400000|100%| O|  |TAMS 0x000000070f400000| PB 0x000000070f200000| Untracked |  0
| 122|0x000000070f400000, 0x000000070f600000, 0x000000070f600000|100%| O|  |TAMS 0x000000070f600000| PB 0x000000070f400000| Untracked |  0
| 123|0x000000070f600000, 0x000000070f800000, 0x000000070f800000|100%| O|  |TAMS 0x000000070f800000| PB 0x000000070f600000| Untracked |  0
| 124|0x000000070f800000, 0x000000070fa00000, 0x000000070fa00000|100%| O|  |TAMS 0x000000070fa00000| PB 0x000000070f800000| Untracked |  0
| 125|0x000000070fa00000, 0x000000070fc00000, 0x000000070fc00000|100%| O|  |TAMS 0x000000070fc00000| PB 0x000000070fa00000| Untracked |  0
| 126|0x000000070fc00000, 0x000000070fe00000, 0x000000070fe00000|100%| O|  |TAMS 0x000000070fe00000| PB 0x000000070fc00000| Untracked |  0
| 127|0x000000070fe00000, 0x0000000710000000, 0x0000000710000000|100%| O|  |TAMS 0x0000000710000000| PB 0x000000070fe00000| Untracked |  0
| 128|0x0000000710000000, 0x0000000710200000, 0x0000000710200000|100%| O|  |TAMS 0x0000000710200000| PB 0x0000000710000000| Untracked |  0
| 129|0x0000000710200000, 0x0000000710400000, 0x0000000710400000|100%| O|  |TAMS 0x0000000710400000| PB 0x0000000710200000| Untracked |  0
| 130|0x0000000710400000, 0x0000000710600000, 0x0000000710600000|100%| O|  |TAMS 0x0000000710600000| PB 0x0000000710400000| Untracked |  0
| 131|0x0000000710600000, 0x0000000710800000, 0x0000000710800000|100%| O|  |TAMS 0x0000000710800000| PB 0x0000000710600000| Untracked |  0
| 132|0x0000000710800000, 0x0000000710a00000, 0x0000000710a00000|100%| O|  |TAMS 0x0000000710a00000| PB 0x0000000710800000| Untracked |  0
| 133|0x0000000710a00000, 0x0000000710c00000, 0x0000000710c00000|100%| O|  |TAMS 0x0000000710c00000| PB 0x0000000710a00000| Untracked |  0
| 134|0x0000000710c00000, 0x0000000710e00000, 0x0000000710e00000|100%| O|  |TAMS 0x0000000710e00000| PB 0x0000000710c00000| Untracked |  0
| 135|0x0000000710e00000, 0x0000000711000000, 0x0000000711000000|100%| O|  |TAMS 0x0000000711000000| PB 0x0000000710e00000| Untracked |  0
| 136|0x0000000711000000, 0x0000000711200000, 0x0000000711200000|100%| O|  |TAMS 0x0000000711200000| PB 0x0000000711000000| Untracked |  0
| 137|0x0000000711200000, 0x0000000711400000, 0x0000000711400000|100%| O|  |TAMS 0x0000000711400000| PB 0x0000000711200000| Untracked |  0
| 138|0x0000000711400000, 0x0000000711600000, 0x0000000711600000|100%| O|  |TAMS 0x0000000711600000| PB 0x0000000711400000| Untracked |  0
| 139|0x0000000711600000, 0x0000000711800000, 0x0000000711800000|100%| O|  |TAMS 0x0000000711800000| PB 0x0000000711600000| Untracked |  0
| 140|0x0000000711800000, 0x0000000711a00000, 0x0000000711a00000|100%| O|  |TAMS 0x0000000711a00000| PB 0x0000000711800000| Untracked |  0
| 141|0x0000000711a00000, 0x0000000711c00000, 0x0000000711c00000|100%| O|  |TAMS 0x0000000711c00000| PB 0x0000000711a00000| Untracked |  0
| 142|0x0000000711c00000, 0x0000000711e00000, 0x0000000711e00000|100%| O|  |TAMS 0x0000000711e00000| PB 0x0000000711c00000| Untracked |  0
| 143|0x0000000711e00000, 0x0000000712000000, 0x0000000712000000|100%| O|  |TAMS 0x0000000712000000| PB 0x0000000711e00000| Untracked |  0
| 144|0x0000000712000000, 0x0000000712200000, 0x0000000712200000|100%| O|  |TAMS 0x0000000712200000| PB 0x0000000712000000| Untracked |  0
| 145|0x0000000712200000, 0x0000000712400000, 0x0000000712400000|100%| O|  |TAMS 0x0000000712400000| PB 0x0000000712200000| Untracked |  0
| 146|0x0000000712400000, 0x0000000712600000, 0x0000000712600000|100%| O|  |TAMS 0x0000000712600000| PB 0x0000000712400000| Untracked |  0
| 147|0x0000000712600000, 0x0000000712800000, 0x0000000712800000|100%| O|  |TAMS 0x0000000712800000| PB 0x0000000712600000| Untracked |  0
| 148|0x0000000712800000, 0x0000000712a00000, 0x0000000712a00000|100%| O|  |TAMS 0x0000000712a00000| PB 0x0000000712800000| Untracked |  0
| 149|0x0000000712a00000, 0x0000000712c00000, 0x0000000712c00000|100%| O|  |TAMS 0x0000000712c00000| PB 0x0000000712a00000| Untracked |  0
| 150|0x0000000712c00000, 0x0000000712e00000, 0x0000000712e00000|100%| O|  |TAMS 0x0000000712e00000| PB 0x0000000712c00000| Untracked |  0
| 151|0x0000000712e00000, 0x0000000713000000, 0x0000000713000000|100%| O|  |TAMS 0x0000000713000000| PB 0x0000000712e00000| Untracked |  0
| 152|0x0000000713000000, 0x0000000713200000, 0x0000000713200000|100%| O|  |TAMS 0x0000000713200000| PB 0x0000000713000000| Untracked |  0
| 153|0x0000000713200000, 0x0000000713400000, 0x0000000713400000|100%| O|  |TAMS 0x0000000713400000| PB 0x0000000713200000| Untracked |  0
| 154|0x0000000713400000, 0x0000000713600000, 0x0000000713600000|100%| O|  |TAMS 0x0000000713600000| PB 0x0000000713400000| Untracked |  0
| 155|0x0000000713600000, 0x0000000713800000, 0x0000000713800000|100%| O|  |TAMS 0x0000000713800000| PB 0x0000000713600000| Untracked |  0
| 156|0x0000000713800000, 0x0000000713a00000, 0x0000000713a00000|100%| O|  |TAMS 0x0000000713a00000| PB 0x0000000713800000| Untracked |  0
| 157|0x0000000713a00000, 0x0000000713c00000, 0x0000000713c00000|100%| O|  |TAMS 0x0000000713c00000| PB 0x0000000713a00000| Untracked |  0
| 158|0x0000000713c00000, 0x0000000713e00000, 0x0000000713e00000|100%| O|  |TAMS 0x0000000713e00000| PB 0x0000000713c00000| Untracked |  0
| 159|0x0000000713e00000, 0x0000000714000000, 0x0000000714000000|100%| O|  |TAMS 0x0000000714000000| PB 0x0000000713e00000| Untracked |  0
| 160|0x0000000714000000, 0x0000000714200000, 0x0000000714200000|100%| O|  |TAMS 0x0000000714200000| PB 0x0000000714000000| Untracked |  0
| 161|0x0000000714200000, 0x0000000714400000, 0x0000000714400000|100%| O|  |TAMS 0x0000000714400000| PB 0x0000000714200000| Untracked |  0
| 162|0x0000000714400000, 0x0000000714600000, 0x0000000714600000|100%| O|  |TAMS 0x0000000714600000| PB 0x0000000714400000| Untracked |  0
| 163|0x0000000714600000, 0x0000000714800000, 0x0000000714800000|100%| O|  |TAMS 0x0000000714800000| PB 0x0000000714600000| Untracked |  0
| 164|0x0000000714800000, 0x0000000714a00000, 0x0000000714a00000|100%| O|  |TAMS 0x0000000714a00000| PB 0x0000000714800000| Untracked |  0
| 165|0x0000000714a00000, 0x0000000714c00000, 0x0000000714c00000|100%| O|  |TAMS 0x0000000714c00000| PB 0x0000000714a00000| Untracked |  0
| 166|0x0000000714c00000, 0x0000000714e00000, 0x0000000714e00000|100%| O|  |TAMS 0x0000000714e00000| PB 0x0000000714c00000| Untracked |  0
| 167|0x0000000714e00000, 0x0000000715000000, 0x0000000715000000|100%| O|  |TAMS 0x0000000715000000| PB 0x0000000714e00000| Untracked |  0
| 168|0x0000000715000000, 0x0000000715200000, 0x0000000715200000|100%| O|  |TAMS 0x0000000715200000| PB 0x0000000715000000| Untracked |  0
| 169|0x0000000715200000, 0x0000000715400000, 0x0000000715400000|100%| O|  |TAMS 0x0000000715400000| PB 0x0000000715200000| Untracked |  0
| 170|0x0000000715400000, 0x0000000715600000, 0x0000000715600000|100%| O|  |TAMS 0x0000000715600000| PB 0x0000000715400000| Untracked |  0
| 171|0x0000000715600000, 0x0000000715800000, 0x0000000715800000|100%| O|  |TAMS 0x0000000715800000| PB 0x0000000715600000| Untracked |  0
| 172|0x0000000715800000, 0x0000000715a00000, 0x0000000715a00000|100%| O|  |TAMS 0x0000000715a00000| PB 0x0000000715800000| Untracked |  0
| 173|0x0000000715a00000, 0x0000000715c00000, 0x0000000715c00000|100%| O|  |TAMS 0x0000000715c00000| PB 0x0000000715a00000| Untracked |  0
| 174|0x0000000715c00000, 0x0000000715e00000, 0x0000000715e00000|100%| O|  |TAMS 0x0000000715e00000| PB 0x0000000715c00000| Untracked |  0
| 175|0x0000000715e00000, 0x0000000716000000, 0x0000000716000000|100%| O|  |TAMS 0x0000000716000000| PB 0x0000000715e00000| Untracked |  0
| 176|0x0000000716000000, 0x0000000716200000, 0x0000000716200000|100%| O|  |TAMS 0x0000000716200000| PB 0x0000000716000000| Untracked |  0
| 177|0x0000000716200000, 0x0000000716400000, 0x0000000716400000|100%| O|  |TAMS 0x0000000716400000| PB 0x0000000716200000| Untracked |  0
| 178|0x0000000716400000, 0x0000000716600000, 0x0000000716600000|100%| O|  |TAMS 0x0000000716600000| PB 0x0000000716400000| Untracked |  0
| 179|0x0000000716600000, 0x0000000716800000, 0x0000000716800000|100%| O|  |TAMS 0x0000000716800000| PB 0x0000000716600000| Untracked |  0
| 180|0x0000000716800000, 0x0000000716a00000, 0x0000000716a00000|100%| O|  |TAMS 0x0000000716a00000| PB 0x0000000716800000| Untracked |  0
| 181|0x0000000716a00000, 0x0000000716c00000, 0x0000000716c00000|100%| O|  |TAMS 0x0000000716c00000| PB 0x0000000716a00000| Untracked |  0
| 182|0x0000000716c00000, 0x0000000716e00000, 0x0000000716e00000|100%| O|  |TAMS 0x0000000716e00000| PB 0x0000000716c00000| Untracked |  0
| 183|0x0000000716e00000, 0x0000000717000000, 0x0000000717000000|100%| O|  |TAMS 0x0000000717000000| PB 0x0000000716e00000| Untracked |  0
| 184|0x0000000717000000, 0x0000000717200000, 0x0000000717200000|100%| O|  |TAMS 0x0000000717200000| PB 0x0000000717000000| Untracked |  0
| 185|0x0000000717200000, 0x0000000717400000, 0x0000000717400000|100%| O|  |TAMS 0x0000000717400000| PB 0x0000000717200000| Untracked |  0
| 186|0x0000000717400000, 0x0000000717600000, 0x0000000717600000|100%| O|  |TAMS 0x0000000717600000| PB 0x0000000717400000| Untracked |  0
| 187|0x0000000717600000, 0x0000000717800000, 0x0000000717800000|100%| O|  |TAMS 0x0000000717800000| PB 0x0000000717600000| Untracked |  0
| 188|0x0000000717800000, 0x0000000717a00000, 0x0000000717a00000|100%| O|  |TAMS 0x0000000717a00000| PB 0x0000000717800000| Untracked |  0
| 189|0x0000000717a00000, 0x0000000717c00000, 0x0000000717c00000|100%| O|  |TAMS 0x0000000717c00000| PB 0x0000000717a00000| Untracked |  0
| 190|0x0000000717c00000, 0x0000000717e00000, 0x0000000717e00000|100%| O|  |TAMS 0x0000000717e00000| PB 0x0000000717c00000| Untracked |  0
| 191|0x0000000717e00000, 0x0000000718000000, 0x0000000718000000|100%| O|  |TAMS 0x0000000718000000| PB 0x0000000717e00000| Untracked |  0
| 192|0x0000000718000000, 0x0000000718200000, 0x0000000718200000|100%| O|  |TAMS 0x0000000718200000| PB 0x0000000718000000| Untracked |  0
| 193|0x0000000718200000, 0x0000000718400000, 0x0000000718400000|100%| O|  |TAMS 0x0000000718400000| PB 0x0000000718200000| Untracked |  0
| 194|0x0000000718400000, 0x0000000718600000, 0x0000000718600000|100%| O|  |TAMS 0x0000000718600000| PB 0x0000000718400000| Untracked |  0
| 195|0x0000000718600000, 0x0000000718800000, 0x0000000718800000|100%| O|  |TAMS 0x0000000718800000| PB 0x0000000718600000| Untracked |  0
| 196|0x0000000718800000, 0x0000000718a00000, 0x0000000718a00000|100%| O|  |TAMS 0x0000000718a00000| PB 0x0000000718800000| Untracked |  0
| 197|0x0000000718a00000, 0x0000000718c00000, 0x0000000718c00000|100%| O|  |TAMS 0x0000000718c00000| PB 0x0000000718a00000| Untracked |  0
| 198|0x0000000718c00000, 0x0000000718e00000, 0x0000000718e00000|100%| O|  |TAMS 0x0000000718e00000| PB 0x0000000718c00000| Untracked |  0
| 199|0x0000000718e00000, 0x0000000719000000, 0x0000000719000000|100%| O|  |TAMS 0x0000000719000000| PB 0x0000000718e00000| Untracked |  0
| 200|0x0000000719000000, 0x0000000719200000, 0x0000000719200000|100%| O|  |TAMS 0x0000000719200000| PB 0x0000000719000000| Untracked |  0
| 201|0x0000000719200000, 0x0000000719400000, 0x0000000719400000|100%| O|  |TAMS 0x0000000719400000| PB 0x0000000719200000| Untracked |  0
| 202|0x0000000719400000, 0x0000000719600000, 0x0000000719600000|100%| O|  |TAMS 0x0000000719600000| PB 0x0000000719400000| Untracked |  0
| 203|0x0000000719600000, 0x0000000719800000, 0x0000000719800000|100%| O|  |TAMS 0x0000000719800000| PB 0x0000000719600000| Untracked |  0
| 204|0x0000000719800000, 0x0000000719a00000, 0x0000000719a00000|100%| O|  |TAMS 0x0000000719a00000| PB 0x0000000719800000| Untracked |  0
| 205|0x0000000719a00000, 0x0000000719c00000, 0x0000000719c00000|100%| O|  |TAMS 0x0000000719c00000| PB 0x0000000719a00000| Untracked |  0
| 206|0x0000000719c00000, 0x0000000719e00000, 0x0000000719e00000|100%| O|  |TAMS 0x0000000719e00000| PB 0x0000000719c00000| Untracked |  0
| 207|0x0000000719e00000, 0x000000071a000000, 0x000000071a000000|100%| O|  |TAMS 0x000000071a000000| PB 0x0000000719e00000| Untracked |  0
| 208|0x000000071a000000, 0x000000071a200000, 0x000000071a200000|100%| O|  |TAMS 0x000000071a200000| PB 0x000000071a000000| Untracked |  0
| 209|0x000000071a200000, 0x000000071a400000, 0x000000071a400000|100%| O|  |TAMS 0x000000071a400000| PB 0x000000071a200000| Untracked |  0
| 210|0x000000071a400000, 0x000000071a600000, 0x000000071a600000|100%| O|  |TAMS 0x000000071a600000| PB 0x000000071a400000| Untracked |  0
| 211|0x000000071a600000, 0x000000071a800000, 0x000000071a800000|100%| O|  |TAMS 0x000000071a800000| PB 0x000000071a600000| Untracked |  0
| 212|0x000000071a800000, 0x000000071aa00000, 0x000000071aa00000|100%| O|  |TAMS 0x000000071aa00000| PB 0x000000071a800000| Untracked |  0
| 213|0x000000071aa00000, 0x000000071ac00000, 0x000000071ac00000|100%| O|  |TAMS 0x000000071ac00000| PB 0x000000071aa00000| Untracked |  0
| 214|0x000000071ac00000, 0x000000071ae00000, 0x000000071ae00000|100%| O|  |TAMS 0x000000071ae00000| PB 0x000000071ac00000| Untracked |  0
| 215|0x000000071ae00000, 0x000000071b000000, 0x000000071b000000|100%| O|  |TAMS 0x000000071b000000| PB 0x000000071ae00000| Untracked |  0
| 216|0x000000071b000000, 0x000000071b200000, 0x000000071b200000|100%| O|  |TAMS 0x000000071b200000| PB 0x000000071b000000| Untracked |  0
| 217|0x000000071b200000, 0x000000071b400000, 0x000000071b400000|100%| O|  |TAMS 0x000000071b400000| PB 0x000000071b200000| Untracked |  0
| 218|0x000000071b400000, 0x000000071b600000, 0x000000071b600000|100%| O|  |TAMS 0x000000071b600000| PB 0x000000071b400000| Untracked |  0
| 219|0x000000071b600000, 0x000000071b800000, 0x000000071b800000|100%| O|  |TAMS 0x000000071b800000| PB 0x000000071b600000| Untracked |  0
| 220|0x000000071b800000, 0x000000071ba00000, 0x000000071ba00000|100%| O|  |TAMS 0x000000071ba00000| PB 0x000000071b800000| Untracked |  0
| 221|0x000000071ba00000, 0x000000071bc00000, 0x000000071bc00000|100%| O|  |TAMS 0x000000071bc00000| PB 0x000000071ba00000| Untracked |  0
| 222|0x000000071bc00000, 0x000000071be00000, 0x000000071be00000|100%| O|  |TAMS 0x000000071be00000| PB 0x000000071bc00000| Untracked |  0
| 223|0x000000071be00000, 0x000000071c000000, 0x000000071c000000|100%| O|  |TAMS 0x000000071c000000| PB 0x000000071be00000| Untracked |  0
| 224|0x000000071c000000, 0x000000071c200000, 0x000000071c200000|100%| O|  |TAMS 0x000000071c200000| PB 0x000000071c000000| Untracked |  0
| 225|0x000000071c200000, 0x000000071c400000, 0x000000071c400000|100%| O|  |TAMS 0x000000071c400000| PB 0x000000071c200000| Untracked |  0
| 226|0x000000071c400000, 0x000000071c600000, 0x000000071c600000|100%| O|  |TAMS 0x000000071c600000| PB 0x000000071c400000| Untracked |  0
| 227|0x000000071c600000, 0x000000071c800000, 0x000000071c800000|100%| O|  |TAMS 0x000000071c800000| PB 0x000000071c600000| Untracked |  0
| 228|0x000000071c800000, 0x000000071ca00000, 0x000000071ca00000|100%| O|  |TAMS 0x000000071ca00000| PB 0x000000071c800000| Untracked |  0
| 229|0x000000071ca00000, 0x000000071cc00000, 0x000000071cc00000|100%| O|  |TAMS 0x000000071cc00000| PB 0x000000071ca00000| Untracked |  0
| 230|0x000000071cc00000, 0x000000071ce00000, 0x000000071ce00000|100%| O|  |TAMS 0x000000071ce00000| PB 0x000000071cc00000| Untracked |  0
| 231|0x000000071ce00000, 0x000000071d000000, 0x000000071d000000|100%| O|  |TAMS 0x000000071d000000| PB 0x000000071ce00000| Untracked |  0
| 232|0x000000071d000000, 0x000000071d200000, 0x000000071d200000|100%| O|  |TAMS 0x000000071d200000| PB 0x000000071d000000| Untracked |  0
| 233|0x000000071d200000, 0x000000071d400000, 0x000000071d400000|100%| O|  |TAMS 0x000000071d400000| PB 0x000000071d200000| Untracked |  0
| 234|0x000000071d400000, 0x000000071d600000, 0x000000071d600000|100%| O|  |TAMS 0x000000071d600000| PB 0x000000071d400000| Untracked |  0
| 235|0x000000071d600000, 0x000000071d800000, 0x000000071d800000|100%| O|  |TAMS 0x000000071d800000| PB 0x000000071d600000| Untracked |  0
| 236|0x000000071d800000, 0x000000071da00000, 0x000000071da00000|100%| O|  |TAMS 0x000000071da00000| PB 0x000000071d800000| Untracked |  0
| 237|0x000000071da00000, 0x000000071dc00000, 0x000000071dc00000|100%| O|  |TAMS 0x000000071dc00000| PB 0x000000071da00000| Untracked |  0
| 238|0x000000071dc00000, 0x000000071de00000, 0x000000071de00000|100%| O|  |TAMS 0x000000071de00000| PB 0x000000071dc00000| Untracked |  0
| 239|0x000000071de00000, 0x000000071e000000, 0x000000071e000000|100%| O|  |TAMS 0x000000071e000000| PB 0x000000071de00000| Untracked |  0
| 240|0x000000071e000000, 0x000000071e200000, 0x000000071e200000|100%| O|  |TAMS 0x000000071e200000| PB 0x000000071e000000| Untracked |  0
| 241|0x000000071e200000, 0x000000071e400000, 0x000000071e400000|100%| O|  |TAMS 0x000000071e400000| PB 0x000000071e200000| Untracked |  0
| 242|0x000000071e400000, 0x000000071e600000, 0x000000071e600000|100%| O|  |TAMS 0x000000071e600000| PB 0x000000071e400000| Untracked |  0
| 243|0x000000071e600000, 0x000000071e800000, 0x000000071e800000|100%| O|  |TAMS 0x000000071e800000| PB 0x000000071e600000| Untracked |  0
| 244|0x000000071e800000, 0x000000071ea00000, 0x000000071ea00000|100%| O|  |TAMS 0x000000071ea00000| PB 0x000000071e800000| Untracked |  0
| 245|0x000000071ea00000, 0x000000071ec00000, 0x000000071ec00000|100%| O|  |TAMS 0x000000071ec00000| PB 0x000000071ea00000| Untracked |  0
| 246|0x000000071ec00000, 0x000000071ee00000, 0x000000071ee00000|100%| O|  |TAMS 0x000000071ee00000| PB 0x000000071ec00000| Untracked |  0
| 247|0x000000071ee00000, 0x000000071f000000, 0x000000071f000000|100%| O|  |TAMS 0x000000071f000000| PB 0x000000071ee00000| Untracked |  0
| 248|0x000000071f000000, 0x000000071f200000, 0x000000071f200000|100%| O|  |TAMS 0x000000071f200000| PB 0x000000071f000000| Untracked |  0
| 249|0x000000071f200000, 0x000000071f400000, 0x000000071f400000|100%| O|  |TAMS 0x000000071f400000| PB 0x000000071f200000| Untracked |  0
| 250|0x000000071f400000, 0x000000071f600000, 0x000000071f600000|100%| O|  |TAMS 0x000000071f600000| PB 0x000000071f400000| Untracked |  0
| 251|0x000000071f600000, 0x000000071f800000, 0x000000071f800000|100%| O|  |TAMS 0x000000071f800000| PB 0x000000071f600000| Untracked |  0
| 252|0x000000071f800000, 0x000000071fa00000, 0x000000071fa00000|100%| O|  |TAMS 0x000000071fa00000| PB 0x000000071f800000| Untracked |  0
| 253|0x000000071fa00000, 0x000000071fc00000, 0x000000071fc00000|100%| O|  |TAMS 0x000000071fc00000| PB 0x000000071fa00000| Untracked |  0
| 254|0x000000071fc00000, 0x000000071fe00000, 0x000000071fe00000|100%| O|  |TAMS 0x000000071fe00000| PB 0x000000071fc00000| Untracked |  0
| 255|0x000000071fe00000, 0x0000000720000000, 0x0000000720000000|100%| O|  |TAMS 0x0000000720000000| PB 0x000000071fe00000| Untracked |  0
| 256|0x0000000720000000, 0x0000000720200000, 0x0000000720200000|100%| O|  |TAMS 0x0000000720200000| PB 0x0000000720000000| Untracked |  0
| 257|0x0000000720200000, 0x0000000720400000, 0x0000000720400000|100%| O|  |TAMS 0x0000000720400000| PB 0x0000000720200000| Untracked |  0
| 258|0x0000000720400000, 0x0000000720600000, 0x0000000720600000|100%| O|  |TAMS 0x0000000720600000| PB 0x0000000720400000| Untracked |  0
| 259|0x0000000720600000, 0x0000000720800000, 0x0000000720800000|100%| O|  |TAMS 0x0000000720800000| PB 0x0000000720600000| Untracked |  0
| 260|0x0000000720800000, 0x0000000720a00000, 0x0000000720a00000|100%| O|  |TAMS 0x0000000720a00000| PB 0x0000000720800000| Untracked |  0
| 261|0x0000000720a00000, 0x0000000720c00000, 0x0000000720c00000|100%| O|  |TAMS 0x0000000720c00000| PB 0x0000000720a00000| Untracked |  0
| 262|0x0000000720c00000, 0x0000000720e00000, 0x0000000720e00000|100%| O|  |TAMS 0x0000000720e00000| PB 0x0000000720c00000| Untracked |  0
| 263|0x0000000720e00000, 0x0000000721000000, 0x0000000721000000|100%| O|  |TAMS 0x0000000721000000| PB 0x0000000720e00000| Untracked |  0
| 264|0x0000000721000000, 0x0000000721200000, 0x0000000721200000|100%| O|  |TAMS 0x0000000721200000| PB 0x0000000721000000| Untracked |  0
| 265|0x0000000721200000, 0x0000000721400000, 0x0000000721400000|100%| O|  |TAMS 0x0000000721400000| PB 0x0000000721200000| Untracked |  0
| 266|0x0000000721400000, 0x0000000721600000, 0x0000000721600000|100%| O|  |TAMS 0x0000000721600000| PB 0x0000000721400000| Untracked |  0
| 267|0x0000000721600000, 0x0000000721800000, 0x0000000721800000|100%| O|  |TAMS 0x0000000721800000| PB 0x0000000721600000| Untracked |  0
| 268|0x0000000721800000, 0x0000000721a00000, 0x0000000721a00000|100%| O|  |TAMS 0x0000000721a00000| PB 0x0000000721800000| Untracked |  0
| 269|0x0000000721a00000, 0x0000000721c00000, 0x0000000721c00000|100%| O|  |TAMS 0x0000000721c00000| PB 0x0000000721a00000| Untracked |  0
| 270|0x0000000721c00000, 0x0000000721e00000, 0x0000000721e00000|100%| O|  |TAMS 0x0000000721e00000| PB 0x0000000721c00000| Untracked |  0
| 271|0x0000000721e00000, 0x0000000722000000, 0x0000000722000000|100%| O|  |TAMS 0x0000000722000000| PB 0x0000000721e00000| Untracked |  0
| 272|0x0000000722000000, 0x0000000722200000, 0x0000000722200000|100%| O|  |TAMS 0x0000000722200000| PB 0x0000000722000000| Untracked |  0
| 273|0x0000000722200000, 0x0000000722400000, 0x0000000722400000|100%| O|  |TAMS 0x0000000722400000| PB 0x0000000722200000| Untracked |  0
| 274|0x0000000722400000, 0x0000000722600000, 0x0000000722600000|100%| O|  |TAMS 0x0000000722600000| PB 0x0000000722400000| Untracked |  0
| 275|0x0000000722600000, 0x0000000722800000, 0x0000000722800000|100%| O|  |TAMS 0x0000000722800000| PB 0x0000000722600000| Untracked |  0
| 276|0x0000000722800000, 0x0000000722a00000, 0x0000000722a00000|100%| O|  |TAMS 0x0000000722a00000| PB 0x0000000722800000| Untracked |  0
| 277|0x0000000722a00000, 0x0000000722c00000, 0x0000000722c00000|100%| O|  |TAMS 0x0000000722c00000| PB 0x0000000722a00000| Untracked |  0
| 278|0x0000000722c00000, 0x0000000722e00000, 0x0000000722e00000|100%| O|  |TAMS 0x0000000722e00000| PB 0x0000000722c00000| Untracked |  0
| 279|0x0000000722e00000, 0x0000000723000000, 0x0000000723000000|100%| O|  |TAMS 0x0000000723000000| PB 0x0000000722e00000| Untracked |  0
| 280|0x0000000723000000, 0x0000000723200000, 0x0000000723200000|100%| O|  |TAMS 0x0000000723200000| PB 0x0000000723000000| Untracked |  0
| 281|0x0000000723200000, 0x0000000723400000, 0x0000000723400000|100%| O|  |TAMS 0x0000000723400000| PB 0x0000000723200000| Untracked |  0
| 282|0x0000000723400000, 0x0000000723600000, 0x0000000723600000|100%| O|  |TAMS 0x0000000723600000| PB 0x0000000723400000| Untracked |  0
| 283|0x0000000723600000, 0x0000000723800000, 0x0000000723800000|100%| O|  |TAMS 0x0000000723800000| PB 0x0000000723600000| Untracked |  0
| 284|0x0000000723800000, 0x0000000723a00000, 0x0000000723a00000|100%| O|  |TAMS 0x0000000723a00000| PB 0x0000000723800000| Untracked |  0
| 285|0x0000000723a00000, 0x0000000723c00000, 0x0000000723c00000|100%| O|  |TAMS 0x0000000723c00000| PB 0x0000000723a00000| Untracked |  0
| 286|0x0000000723c00000, 0x0000000723e00000, 0x0000000723e00000|100%| O|  |TAMS 0x0000000723e00000| PB 0x0000000723c00000| Untracked |  0
| 287|0x0000000723e00000, 0x0000000724000000, 0x0000000724000000|100%| O|  |TAMS 0x0000000724000000| PB 0x0000000723e00000| Untracked |  0
| 288|0x0000000724000000, 0x0000000724200000, 0x0000000724200000|100%| O|  |TAMS 0x0000000724200000| PB 0x0000000724000000| Untracked |  0
| 289|0x0000000724200000, 0x0000000724400000, 0x0000000724400000|100%| O|  |TAMS 0x0000000724400000| PB 0x0000000724200000| Untracked |  0
| 290|0x0000000724400000, 0x0000000724600000, 0x0000000724600000|100%| O|  |TAMS 0x0000000724600000| PB 0x0000000724400000| Untracked |  0
| 291|0x0000000724600000, 0x0000000724800000, 0x0000000724800000|100%| O|  |TAMS 0x0000000724800000| PB 0x0000000724600000| Untracked |  0
| 292|0x0000000724800000, 0x0000000724a00000, 0x0000000724a00000|100%| O|  |TAMS 0x0000000724a00000| PB 0x0000000724800000| Untracked |  0
| 293|0x0000000724a00000, 0x0000000724c00000, 0x0000000724c00000|100%| O|  |TAMS 0x0000000724c00000| PB 0x0000000724a00000| Untracked |  0
| 294|0x0000000724c00000, 0x0000000724e00000, 0x0000000724e00000|100%| O|  |TAMS 0x0000000724e00000| PB 0x0000000724c00000| Untracked |  0
| 295|0x0000000724e00000, 0x0000000725000000, 0x0000000725000000|100%| O|  |TAMS 0x0000000725000000| PB 0x0000000724e00000| Untracked |  0
| 296|0x0000000725000000, 0x0000000725200000, 0x0000000725200000|100%| O|  |TAMS 0x0000000725200000| PB 0x0000000725000000| Untracked |  0
| 297|0x0000000725200000, 0x0000000725400000, 0x0000000725400000|100%| O|  |TAMS 0x0000000725400000| PB 0x0000000725200000| Untracked |  0
| 298|0x0000000725400000, 0x0000000725600000, 0x0000000725600000|100%| O|  |TAMS 0x0000000725600000| PB 0x0000000725400000| Untracked |  0
| 299|0x0000000725600000, 0x0000000725800000, 0x0000000725800000|100%| O|  |TAMS 0x0000000725800000| PB 0x0000000725600000| Untracked |  0
| 300|0x0000000725800000, 0x0000000725a00000, 0x0000000725a00000|100%| O|  |TAMS 0x0000000725a00000| PB 0x0000000725800000| Untracked |  0
| 301|0x0000000725a00000, 0x0000000725c00000, 0x0000000725c00000|100%| O|  |TAMS 0x0000000725c00000| PB 0x0000000725a00000| Untracked |  0
| 302|0x0000000725c00000, 0x0000000725e00000, 0x0000000725e00000|100%| O|  |TAMS 0x0000000725e00000| PB 0x0000000725c00000| Untracked |  0
| 303|0x0000000725e00000, 0x0000000726000000, 0x0000000726000000|100%| O|  |TAMS 0x0000000726000000| PB 0x0000000725e00000| Untracked |  0
| 304|0x0000000726000000, 0x0000000726200000, 0x0000000726200000|100%| O|  |TAMS 0x0000000726200000| PB 0x0000000726000000| Untracked |  0
| 305|0x0000000726200000, 0x0000000726400000, 0x0000000726400000|100%| O|  |TAMS 0x0000000726400000| PB 0x0000000726200000| Untracked |  0
| 306|0x0000000726400000, 0x0000000726600000, 0x0000000726600000|100%| O|  |TAMS 0x0000000726600000| PB 0x0000000726400000| Untracked |  0
| 307|0x0000000726600000, 0x0000000726800000, 0x0000000726800000|100%| O|  |TAMS 0x0000000726800000| PB 0x0000000726600000| Untracked |  0
| 308|0x0000000726800000, 0x0000000726a00000, 0x0000000726a00000|100%| O|  |TAMS 0x0000000726a00000| PB 0x0000000726800000| Untracked |  0
| 309|0x0000000726a00000, 0x0000000726c00000, 0x0000000726c00000|100%| O|  |TAMS 0x0000000726c00000| PB 0x0000000726a00000| Untracked |  0
| 310|0x0000000726c00000, 0x0000000726e00000, 0x0000000726e00000|100%| O|  |TAMS 0x0000000726e00000| PB 0x0000000726c00000| Untracked |  0
| 311|0x0000000726e00000, 0x0000000727000000, 0x0000000727000000|100%| O|  |TAMS 0x0000000727000000| PB 0x0000000726e00000| Untracked |  0
| 312|0x0000000727000000, 0x0000000727200000, 0x0000000727200000|100%| O|  |TAMS 0x0000000727200000| PB 0x0000000727000000| Untracked |  0
| 313|0x0000000727200000, 0x0000000727400000, 0x0000000727400000|100%| O|  |TAMS 0x0000000727400000| PB 0x0000000727200000| Untracked |  0
| 314|0x0000000727400000, 0x0000000727600000, 0x0000000727600000|100%| O|  |TAMS 0x0000000727600000| PB 0x0000000727400000| Untracked |  0
| 315|0x0000000727600000, 0x0000000727800000, 0x0000000727800000|100%| O|  |TAMS 0x0000000727800000| PB 0x0000000727600000| Untracked |  0
| 316|0x0000000727800000, 0x0000000727a00000, 0x0000000727a00000|100%| O|  |TAMS 0x0000000727a00000| PB 0x0000000727800000| Untracked |  0
| 317|0x0000000727a00000, 0x0000000727c00000, 0x0000000727c00000|100%| O|  |TAMS 0x0000000727c00000| PB 0x0000000727a00000| Untracked |  0
| 318|0x0000000727c00000, 0x0000000727e00000, 0x0000000727e00000|100%| O|  |TAMS 0x0000000727e00000| PB 0x0000000727c00000| Untracked |  0
| 319|0x0000000727e00000, 0x0000000728000000, 0x0000000728000000|100%| O|  |TAMS 0x0000000728000000| PB 0x0000000727e00000| Untracked |  0
| 320|0x0000000728000000, 0x0000000728200000, 0x0000000728200000|100%| O|  |TAMS 0x00000007280b2858| PB 0x0000000728000000| Untracked |  0
| 321|0x0000000728200000, 0x0000000728400000, 0x0000000728400000|100%| O|  |TAMS 0x0000000728200000| PB 0x0000000728200000| Untracked |  0
| 322|0x0000000728400000, 0x0000000728600000, 0x0000000728600000|100%| O|  |TAMS 0x0000000728400000| PB 0x0000000728400000| Untracked |  0
| 323|0x0000000728600000, 0x0000000728800000, 0x0000000728800000|100%| O|  |TAMS 0x0000000728600000| PB 0x0000000728600000| Untracked |  0
| 324|0x0000000728800000, 0x0000000728a00000, 0x0000000728a00000|100%| O|  |TAMS 0x0000000728800000| PB 0x0000000728800000| Untracked |  0
| 325|0x0000000728a00000, 0x0000000728c00000, 0x0000000728c00000|100%| O|  |TAMS 0x0000000728a00000| PB 0x0000000728a00000| Untracked |  0
| 326|0x0000000728c00000, 0x0000000728e00000, 0x0000000728e00000|100%| O|  |TAMS 0x0000000728c00000| PB 0x0000000728c00000| Untracked |  0
| 327|0x0000000728e00000, 0x0000000729000000, 0x0000000729000000|100%| O|  |TAMS 0x0000000728e00000| PB 0x0000000728e00000| Untracked |  0
| 328|0x0000000729000000, 0x0000000729200000, 0x0000000729200000|100%| O|  |TAMS 0x0000000729000000| PB 0x0000000729000000| Untracked |  0
| 329|0x0000000729200000, 0x0000000729400000, 0x0000000729400000|100%| O|  |TAMS 0x0000000729200000| PB 0x0000000729200000| Untracked |  0
| 330|0x0000000729400000, 0x0000000729600000, 0x0000000729600000|100%| O|  |TAMS 0x0000000729400000| PB 0x0000000729400000| Untracked |  0
| 331|0x0000000729600000, 0x0000000729800000, 0x0000000729800000|100%| O|  |TAMS 0x0000000729600000| PB 0x0000000729600000| Untracked |  0
| 332|0x0000000729800000, 0x0000000729a00000, 0x0000000729a00000|100%| O|  |TAMS 0x0000000729800000| PB 0x0000000729800000| Untracked |  0
| 333|0x0000000729a00000, 0x0000000729c00000, 0x0000000729c00000|100%| O|  |TAMS 0x0000000729a00000| PB 0x0000000729a00000| Untracked |  0
| 334|0x0000000729c00000, 0x0000000729e00000, 0x0000000729e00000|100%| O|  |TAMS 0x0000000729c00000| PB 0x0000000729c00000| Untracked |  0
| 335|0x0000000729e00000, 0x000000072a000000, 0x000000072a000000|100%| O|  |TAMS 0x0000000729e00000| PB 0x0000000729e00000| Untracked |  0
| 336|0x000000072a000000, 0x000000072a200000, 0x000000072a200000|100%| O|  |TAMS 0x000000072a000000| PB 0x000000072a000000| Untracked |  0
| 337|0x000000072a200000, 0x000000072a400000, 0x000000072a400000|100%| O|  |TAMS 0x000000072a200000| PB 0x000000072a200000| Untracked |  0
| 338|0x000000072a400000, 0x000000072a600000, 0x000000072a600000|100%| O|  |TAMS 0x000000072a400000| PB 0x000000072a400000| Untracked |  0
| 339|0x000000072a600000, 0x000000072a600000, 0x000000072a800000|  0%| F|  |TAMS 0x000000072a600000| PB 0x000000072a600000| Untracked |  0
| 340|0x000000072a800000, 0x000000072a800000, 0x000000072aa00000|  0%| F|  |TAMS 0x000000072a800000| PB 0x000000072a800000| Untracked |  0
| 341|0x000000072aa00000, 0x000000072aa00000, 0x000000072ac00000|  0%| F|  |TAMS 0x000000072aa00000| PB 0x000000072aa00000| Untracked |  0
| 342|0x000000072ac00000, 0x000000072ac00000, 0x000000072ae00000|  0%| F|  |TAMS 0x000000072ac00000| PB 0x000000072ac00000| Untracked |  0
| 343|0x000000072ae00000, 0x000000072ae00000, 0x000000072b000000|  0%| F|  |TAMS 0x000000072ae00000| PB 0x000000072ae00000| Untracked |  0
| 344|0x000000072b000000, 0x000000072b000000, 0x000000072b200000|  0%| F|  |TAMS 0x000000072b000000| PB 0x000000072b000000| Untracked |  0
| 345|0x000000072b200000, 0x000000072b200000, 0x000000072b400000|  0%| F|  |TAMS 0x000000072b200000| PB 0x000000072b200000| Untracked |  0
| 346|0x000000072b400000, 0x000000072b400000, 0x000000072b600000|  0%| F|  |TAMS 0x000000072b400000| PB 0x000000072b400000| Untracked |  0
| 347|0x000000072b600000, 0x000000072b600000, 0x000000072b800000|  0%| F|  |TAMS 0x000000072b600000| PB 0x000000072b600000| Untracked |  0
| 348|0x000000072b800000, 0x000000072b800000, 0x000000072ba00000|  0%| F|  |TAMS 0x000000072b800000| PB 0x000000072b800000| Untracked |  0
| 349|0x000000072ba00000, 0x000000072ba00000, 0x000000072bc00000|  0%| F|  |TAMS 0x000000072ba00000| PB 0x000000072ba00000| Untracked |  0
| 350|0x000000072bc00000, 0x000000072bc00000, 0x000000072be00000|  0%| F|  |TAMS 0x000000072bc00000| PB 0x000000072bc00000| Untracked |  0
| 351|0x000000072be00000, 0x000000072be00000, 0x000000072c000000|  0%| F|  |TAMS 0x000000072be00000| PB 0x000000072be00000| Untracked |  0
| 352|0x000000072c000000, 0x000000072c000000, 0x000000072c200000|  0%| F|  |TAMS 0x000000072c000000| PB 0x000000072c000000| Untracked |  0
| 353|0x000000072c200000, 0x000000072c200000, 0x000000072c400000|  0%| F|  |TAMS 0x000000072c200000| PB 0x000000072c200000| Untracked |  0
| 354|0x000000072c400000, 0x000000072c400000, 0x000000072c600000|  0%| F|  |TAMS 0x000000072c400000| PB 0x000000072c400000| Untracked |  0
| 355|0x000000072c600000, 0x000000072c600000, 0x000000072c800000|  0%| F|  |TAMS 0x000000072c600000| PB 0x000000072c600000| Untracked |  0
| 356|0x000000072c800000, 0x000000072c800000, 0x000000072ca00000|  0%| F|  |TAMS 0x000000072c800000| PB 0x000000072c800000| Untracked |  0
| 357|0x000000072ca00000, 0x000000072ca00000, 0x000000072cc00000|  0%| F|  |TAMS 0x000000072ca00000| PB 0x000000072ca00000| Untracked |  0
| 358|0x000000072cc00000, 0x000000072cc00000, 0x000000072ce00000|  0%| F|  |TAMS 0x000000072cc00000| PB 0x000000072cc00000| Untracked |  0
| 359|0x000000072ce00000, 0x000000072ce00000, 0x000000072d000000|  0%| F|  |TAMS 0x000000072ce00000| PB 0x000000072ce00000| Untracked |  0
| 360|0x000000072d000000, 0x000000072d000000, 0x000000072d200000|  0%| F|  |TAMS 0x000000072d000000| PB 0x000000072d000000| Untracked |  0
| 361|0x000000072d200000, 0x000000072d200000, 0x000000072d400000|  0%| F|  |TAMS 0x000000072d200000| PB 0x000000072d200000| Untracked |  0
| 362|0x000000072d400000, 0x000000072d400000, 0x000000072d600000|  0%| F|  |TAMS 0x000000072d400000| PB 0x000000072d400000| Untracked |  0
| 363|0x000000072d600000, 0x000000072d600000, 0x000000072d800000|  0%| F|  |TAMS 0x000000072d600000| PB 0x000000072d600000| Untracked |  0
| 364|0x000000072d800000, 0x000000072d800000, 0x000000072da00000|  0%| F|  |TAMS 0x000000072d800000| PB 0x000000072d800000| Untracked |  0
| 365|0x000000072da00000, 0x000000072da00000, 0x000000072dc00000|  0%| F|  |TAMS 0x000000072da00000| PB 0x000000072da00000| Untracked |  0
| 366|0x000000072dc00000, 0x000000072dc00000, 0x000000072de00000|  0%| F|  |TAMS 0x000000072dc00000| PB 0x000000072dc00000| Untracked |  0
| 367|0x000000072de00000, 0x000000072de00000, 0x000000072e000000|  0%| F|  |TAMS 0x000000072de00000| PB 0x000000072de00000| Untracked |  0
| 368|0x000000072e000000, 0x000000072e000000, 0x000000072e200000|  0%| F|  |TAMS 0x000000072e000000| PB 0x000000072e000000| Untracked |  0
| 369|0x000000072e200000, 0x000000072e200000, 0x000000072e400000|  0%| F|  |TAMS 0x000000072e200000| PB 0x000000072e200000| Untracked |  0
| 370|0x000000072e400000, 0x000000072e400000, 0x000000072e600000|  0%| F|  |TAMS 0x000000072e400000| PB 0x000000072e400000| Untracked |  0
| 371|0x000000072e600000, 0x000000072e600000, 0x000000072e800000|  0%| F|  |TAMS 0x000000072e600000| PB 0x000000072e600000| Untracked |  0
| 372|0x000000072e800000, 0x000000072e800000, 0x000000072ea00000|  0%| F|  |TAMS 0x000000072e800000| PB 0x000000072e800000| Untracked |  0
| 373|0x000000072ea00000, 0x000000072ea00000, 0x000000072ec00000|  0%| F|  |TAMS 0x000000072ea00000| PB 0x000000072ea00000| Untracked |  0
| 374|0x000000072ec00000, 0x000000072ec00000, 0x000000072ee00000|  0%| F|  |TAMS 0x000000072ec00000| PB 0x000000072ec00000| Untracked |  0
| 375|0x000000072ee00000, 0x000000072ee00000, 0x000000072f000000|  0%| F|  |TAMS 0x000000072ee00000| PB 0x000000072ee00000| Untracked |  0
| 376|0x000000072f000000, 0x000000072f000000, 0x000000072f200000|  0%| F|  |TAMS 0x000000072f000000| PB 0x000000072f000000| Untracked |  0
| 377|0x000000072f200000, 0x000000072f200000, 0x000000072f400000|  0%| F|  |TAMS 0x000000072f200000| PB 0x000000072f200000| Untracked |  0
| 378|0x000000072f400000, 0x000000072f400000, 0x000000072f600000|  0%| F|  |TAMS 0x000000072f400000| PB 0x000000072f400000| Untracked |  0
| 379|0x000000072f600000, 0x000000072f600000, 0x000000072f800000|  0%| F|  |TAMS 0x000000072f600000| PB 0x000000072f600000| Untracked |  0
| 380|0x000000072f800000, 0x000000072f800000, 0x000000072fa00000|  0%| F|  |TAMS 0x000000072f800000| PB 0x000000072f800000| Untracked |  0
| 381|0x000000072fa00000, 0x000000072fa00000, 0x000000072fc00000|  0%| F|  |TAMS 0x000000072fa00000| PB 0x000000072fa00000| Untracked |  0
| 382|0x000000072fc00000, 0x000000072fc00000, 0x000000072fe00000|  0%| F|  |TAMS 0x000000072fc00000| PB 0x000000072fc00000| Untracked |  0
| 383|0x000000072fe00000, 0x000000072fe00000, 0x0000000730000000|  0%| F|  |TAMS 0x000000072fe00000| PB 0x000000072fe00000| Untracked |  0
| 384|0x0000000730000000, 0x0000000730000000, 0x0000000730200000|  0%| F|  |TAMS 0x0000000730000000| PB 0x0000000730000000| Untracked |  0
| 385|0x0000000730200000, 0x0000000730200000, 0x0000000730400000|  0%| F|  |TAMS 0x0000000730200000| PB 0x0000000730200000| Untracked |  0
| 386|0x0000000730400000, 0x0000000730400000, 0x0000000730600000|  0%| F|  |TAMS 0x0000000730400000| PB 0x0000000730400000| Untracked |  0
| 387|0x0000000730600000, 0x0000000730600000, 0x0000000730800000|  0%| F|  |TAMS 0x0000000730600000| PB 0x0000000730600000| Untracked |  0
| 388|0x0000000730800000, 0x0000000730800000, 0x0000000730a00000|  0%| F|  |TAMS 0x0000000730800000| PB 0x0000000730800000| Untracked |  0
| 389|0x0000000730a00000, 0x0000000730a00000, 0x0000000730c00000|  0%| F|  |TAMS 0x0000000730a00000| PB 0x0000000730a00000| Untracked |  0
| 390|0x0000000730c00000, 0x0000000730c00000, 0x0000000730e00000|  0%| F|  |TAMS 0x0000000730c00000| PB 0x0000000730c00000| Untracked |  0
| 391|0x0000000730e00000, 0x0000000730e00000, 0x0000000731000000|  0%| F|  |TAMS 0x0000000730e00000| PB 0x0000000730e00000| Untracked |  0
| 392|0x0000000731000000, 0x0000000731000000, 0x0000000731200000|  0%| F|  |TAMS 0x0000000731000000| PB 0x0000000731000000| Untracked |  0
| 393|0x0000000731200000, 0x0000000731200000, 0x0000000731400000|  0%| F|  |TAMS 0x0000000731200000| PB 0x0000000731200000| Untracked |  0
| 394|0x0000000731400000, 0x0000000731400000, 0x0000000731600000|  0%| F|  |TAMS 0x0000000731400000| PB 0x0000000731400000| Untracked |  0
| 395|0x0000000731600000, 0x0000000731600000, 0x0000000731800000|  0%| F|  |TAMS 0x0000000731600000| PB 0x0000000731600000| Untracked |  0
| 396|0x0000000731800000, 0x0000000731800000, 0x0000000731a00000|  0%| F|  |TAMS 0x0000000731800000| PB 0x0000000731800000| Untracked |  0
| 397|0x0000000731a00000, 0x0000000731a00000, 0x0000000731c00000|  0%| F|  |TAMS 0x0000000731a00000| PB 0x0000000731a00000| Untracked |  0
| 398|0x0000000731c00000, 0x0000000731c00000, 0x0000000731e00000|  0%| F|  |TAMS 0x0000000731c00000| PB 0x0000000731c00000| Untracked |  0
| 399|0x0000000731e00000, 0x0000000731f00000, 0x0000000732000000| 50%| S|CS|TAMS 0x0000000731e00000| PB 0x0000000731e00000| Complete |  0
| 400|0x0000000732000000, 0x0000000732200000, 0x0000000732200000|100%| S|CS|TAMS 0x0000000732000000| PB 0x0000000732000000| Complete |  0
| 401|0x0000000732200000, 0x0000000732400000, 0x0000000732400000|100%| S|CS|TAMS 0x0000000732200000| PB 0x0000000732200000| Complete |  0
| 402|0x0000000732400000, 0x0000000732600000, 0x0000000732600000|100%| S|CS|TAMS 0x0000000732400000| PB 0x0000000732400000| Complete |  0
| 403|0x0000000732600000, 0x0000000732800000, 0x0000000732800000|100%| S|CS|TAMS 0x0000000732600000| PB 0x0000000732600000| Complete |  0
| 404|0x0000000732800000, 0x0000000732a00000, 0x0000000732a00000|100%| S|CS|TAMS 0x0000000732800000| PB 0x0000000732800000| Complete |  0
| 405|0x0000000732a00000, 0x0000000732c00000, 0x0000000732c00000|100%| S|CS|TAMS 0x0000000732a00000| PB 0x0000000732a00000| Complete |  0
| 406|0x0000000732c00000, 0x0000000732e00000, 0x0000000732e00000|100%| S|CS|TAMS 0x0000000732c00000| PB 0x0000000732c00000| Complete |  0
| 407|0x0000000732e00000, 0x0000000733000000, 0x0000000733000000|100%| S|CS|TAMS 0x0000000732e00000| PB 0x0000000732e00000| Complete |  0
| 408|0x0000000733000000, 0x0000000733200000, 0x0000000733200000|100%| S|CS|TAMS 0x0000000733000000| PB 0x0000000733000000| Complete |  0
| 409|0x0000000733200000, 0x0000000733400000, 0x0000000733400000|100%| S|CS|TAMS 0x0000000733200000| PB 0x0000000733200000| Complete |  0
| 410|0x0000000733400000, 0x0000000733600000, 0x0000000733600000|100%| S|CS|TAMS 0x0000000733400000| PB 0x0000000733400000| Complete |  0
| 411|0x0000000733600000, 0x0000000733600000, 0x0000000733800000|  0%| F|  |TAMS 0x0000000733600000| PB 0x0000000733600000| Untracked |  0
| 412|0x0000000733800000, 0x0000000733800000, 0x0000000733a00000|  0%| F|  |TAMS 0x0000000733800000| PB 0x0000000733800000| Untracked |  0
| 413|0x0000000733a00000, 0x0000000733a00000, 0x0000000733c00000|  0%| F|  |TAMS 0x0000000733a00000| PB 0x0000000733a00000| Untracked |  0
| 414|0x0000000733c00000, 0x0000000733c00000, 0x0000000733e00000|  0%| F|  |TAMS 0x0000000733c00000| PB 0x0000000733c00000| Untracked |  0
| 415|0x0000000733e00000, 0x0000000733e00000, 0x0000000734000000|  0%| F|  |TAMS 0x0000000733e00000| PB 0x0000000733e00000| Untracked |  0
| 416|0x0000000734000000, 0x0000000734000000, 0x0000000734200000|  0%| F|  |TAMS 0x0000000734000000| PB 0x0000000734000000| Untracked |  0
| 417|0x0000000734200000, 0x0000000734200000, 0x0000000734400000|  0%| F|  |TAMS 0x0000000734200000| PB 0x0000000734200000| Untracked |  0
| 418|0x0000000734400000, 0x0000000734400000, 0x0000000734600000|  0%| F|  |TAMS 0x0000000734400000| PB 0x0000000734400000| Untracked |  0
| 419|0x0000000734600000, 0x0000000734600000, 0x0000000734800000|  0%| F|  |TAMS 0x0000000734600000| PB 0x0000000734600000| Untracked |  0
| 420|0x0000000734800000, 0x0000000734800000, 0x0000000734a00000|  0%| F|  |TAMS 0x0000000734800000| PB 0x0000000734800000| Untracked |  0
| 421|0x0000000734a00000, 0x0000000734a00000, 0x0000000734c00000|  0%| F|  |TAMS 0x0000000734a00000| PB 0x0000000734a00000| Untracked |  0
| 422|0x0000000734c00000, 0x0000000734c00000, 0x0000000734e00000|  0%| F|  |TAMS 0x0000000734c00000| PB 0x0000000734c00000| Untracked |  0
| 423|0x0000000734e00000, 0x0000000734e00000, 0x0000000735000000|  0%| F|  |TAMS 0x0000000734e00000| PB 0x0000000734e00000| Untracked |  0
| 424|0x0000000735000000, 0x0000000735000000, 0x0000000735200000|  0%| F|  |TAMS 0x0000000735000000| PB 0x0000000735000000| Untracked |  0
| 425|0x0000000735200000, 0x0000000735200000, 0x0000000735400000|  0%| F|  |TAMS 0x0000000735200000| PB 0x0000000735200000| Untracked |  0
| 426|0x0000000735400000, 0x0000000735400000, 0x0000000735600000|  0%| F|  |TAMS 0x0000000735400000| PB 0x0000000735400000| Untracked |  0
| 427|0x0000000735600000, 0x0000000735600000, 0x0000000735800000|  0%| F|  |TAMS 0x0000000735600000| PB 0x0000000735600000| Untracked |  0
| 428|0x0000000735800000, 0x0000000735800000, 0x0000000735a00000|  0%| F|  |TAMS 0x0000000735800000| PB 0x0000000735800000| Untracked |  0
| 429|0x0000000735a00000, 0x0000000735a00000, 0x0000000735c00000|  0%| F|  |TAMS 0x0000000735a00000| PB 0x0000000735a00000| Untracked |  0
| 430|0x0000000735c00000, 0x0000000735c00000, 0x0000000735e00000|  0%| F|  |TAMS 0x0000000735c00000| PB 0x0000000735c00000| Untracked |  0
| 431|0x0000000735e00000, 0x0000000735e00000, 0x0000000736000000|  0%| F|  |TAMS 0x0000000735e00000| PB 0x0000000735e00000| Untracked |  0
| 432|0x0000000736000000, 0x0000000736000000, 0x0000000736200000|  0%| F|  |TAMS 0x0000000736000000| PB 0x0000000736000000| Untracked |  0
| 433|0x0000000736200000, 0x0000000736200000, 0x0000000736400000|  0%| F|  |TAMS 0x0000000736200000| PB 0x0000000736200000| Untracked |  0
| 434|0x0000000736400000, 0x0000000736400000, 0x0000000736600000|  0%| F|  |TAMS 0x0000000736400000| PB 0x0000000736400000| Untracked |  0
| 435|0x0000000736600000, 0x0000000736600000, 0x0000000736800000|  0%| F|  |TAMS 0x0000000736600000| PB 0x0000000736600000| Untracked |  0
| 436|0x0000000736800000, 0x0000000736800000, 0x0000000736a00000|  0%| F|  |TAMS 0x0000000736800000| PB 0x0000000736800000| Untracked |  0
| 437|0x0000000736a00000, 0x0000000736a00000, 0x0000000736c00000|  0%| F|  |TAMS 0x0000000736a00000| PB 0x0000000736a00000| Untracked |  0
| 438|0x0000000736c00000, 0x0000000736c00000, 0x0000000736e00000|  0%| F|  |TAMS 0x0000000736c00000| PB 0x0000000736c00000| Untracked |  0
| 439|0x0000000736e00000, 0x0000000736e00000, 0x0000000737000000|  0%| F|  |TAMS 0x0000000736e00000| PB 0x0000000736e00000| Untracked |  0
| 440|0x0000000737000000, 0x0000000737000000, 0x0000000737200000|  0%| F|  |TAMS 0x0000000737000000| PB 0x0000000737000000| Untracked |  0
| 441|0x0000000737200000, 0x0000000737200000, 0x0000000737400000|  0%| F|  |TAMS 0x0000000737200000| PB 0x0000000737200000| Untracked |  0
| 442|0x0000000737400000, 0x0000000737400000, 0x0000000737600000|  0%| F|  |TAMS 0x0000000737400000| PB 0x0000000737400000| Untracked |  0
| 443|0x0000000737600000, 0x0000000737600000, 0x0000000737800000|  0%| F|  |TAMS 0x0000000737600000| PB 0x0000000737600000| Untracked |  0
| 444|0x0000000737800000, 0x0000000737800000, 0x0000000737a00000|  0%| F|  |TAMS 0x0000000737800000| PB 0x0000000737800000| Untracked |  0
| 445|0x0000000737a00000, 0x0000000737a00000, 0x0000000737c00000|  0%| F|  |TAMS 0x0000000737a00000| PB 0x0000000737a00000| Untracked |  0
| 446|0x0000000737c00000, 0x0000000737c00000, 0x0000000737e00000|  0%| F|  |TAMS 0x0000000737c00000| PB 0x0000000737c00000| Untracked |  0
| 447|0x0000000737e00000, 0x0000000737e00000, 0x0000000738000000|  0%| F|  |TAMS 0x0000000737e00000| PB 0x0000000737e00000| Untracked |  0
| 448|0x0000000738000000, 0x0000000738000000, 0x0000000738200000|  0%| F|  |TAMS 0x0000000738000000| PB 0x0000000738000000| Untracked |  0
| 449|0x0000000738200000, 0x0000000738200000, 0x0000000738400000|  0%| F|  |TAMS 0x0000000738200000| PB 0x0000000738200000| Untracked |  0
| 450|0x0000000738400000, 0x0000000738400000, 0x0000000738600000|  0%| F|  |TAMS 0x0000000738400000| PB 0x0000000738400000| Untracked |  0
| 451|0x0000000738600000, 0x0000000738600000, 0x0000000738800000|  0%| F|  |TAMS 0x0000000738600000| PB 0x0000000738600000| Untracked |  0
| 452|0x0000000738800000, 0x0000000738800000, 0x0000000738a00000|  0%| F|  |TAMS 0x0000000738800000| PB 0x0000000738800000| Untracked |  0
| 453|0x0000000738a00000, 0x0000000738a00000, 0x0000000738c00000|  0%| F|  |TAMS 0x0000000738a00000| PB 0x0000000738a00000| Untracked |  0
| 454|0x0000000738c00000, 0x0000000738c00000, 0x0000000738e00000|  0%| F|  |TAMS 0x0000000738c00000| PB 0x0000000738c00000| Untracked |  0
| 455|0x0000000738e00000, 0x0000000738e00000, 0x0000000739000000|  0%| F|  |TAMS 0x0000000738e00000| PB 0x0000000738e00000| Untracked |  0
| 456|0x0000000739000000, 0x0000000739000000, 0x0000000739200000|  0%| F|  |TAMS 0x0000000739000000| PB 0x0000000739000000| Untracked |  0
| 457|0x0000000739200000, 0x0000000739200000, 0x0000000739400000|  0%| F|  |TAMS 0x0000000739200000| PB 0x0000000739200000| Untracked |  0
| 458|0x0000000739400000, 0x0000000739400000, 0x0000000739600000|  0%| F|  |TAMS 0x0000000739400000| PB 0x0000000739400000| Untracked |  0
| 459|0x0000000739600000, 0x0000000739600000, 0x0000000739800000|  0%| F|  |TAMS 0x0000000739600000| PB 0x0000000739600000| Untracked |  0
| 460|0x0000000739800000, 0x0000000739800000, 0x0000000739a00000|  0%| F|  |TAMS 0x0000000739800000| PB 0x0000000739800000| Untracked |  0
| 461|0x0000000739a00000, 0x0000000739a00000, 0x0000000739c00000|  0%| F|  |TAMS 0x0000000739a00000| PB 0x0000000739a00000| Untracked |  0
| 462|0x0000000739c00000, 0x0000000739c00000, 0x0000000739e00000|  0%| F|  |TAMS 0x0000000739c00000| PB 0x0000000739c00000| Untracked |  0
| 463|0x0000000739e00000, 0x0000000739e00000, 0x000000073a000000|  0%| F|  |TAMS 0x0000000739e00000| PB 0x0000000739e00000| Untracked |  0
| 464|0x000000073a000000, 0x000000073a000000, 0x000000073a200000|  0%| F|  |TAMS 0x000000073a000000| PB 0x000000073a000000| Untracked |  0
| 465|0x000000073a200000, 0x000000073a200000, 0x000000073a400000|  0%| F|  |TAMS 0x000000073a200000| PB 0x000000073a200000| Untracked |  0
| 466|0x000000073a400000, 0x000000073a400000, 0x000000073a600000|  0%| F|  |TAMS 0x000000073a400000| PB 0x000000073a400000| Untracked |  0
| 467|0x000000073a600000, 0x000000073a600000, 0x000000073a800000|  0%| F|  |TAMS 0x000000073a600000| PB 0x000000073a600000| Untracked |  0
| 468|0x000000073a800000, 0x000000073a800000, 0x000000073aa00000|  0%| F|  |TAMS 0x000000073a800000| PB 0x000000073a800000| Untracked |  0
| 469|0x000000073aa00000, 0x000000073aa00000, 0x000000073ac00000|  0%| F|  |TAMS 0x000000073aa00000| PB 0x000000073aa00000| Untracked |  0
| 470|0x000000073ac00000, 0x000000073ac00000, 0x000000073ae00000|  0%| F|  |TAMS 0x000000073ac00000| PB 0x000000073ac00000| Untracked |  0
| 471|0x000000073ae00000, 0x000000073ae00000, 0x000000073b000000|  0%| F|  |TAMS 0x000000073ae00000| PB 0x000000073ae00000| Untracked |  0
| 472|0x000000073b000000, 0x000000073b000000, 0x000000073b200000|  0%| F|  |TAMS 0x000000073b000000| PB 0x000000073b000000| Untracked |  0
| 473|0x000000073b200000, 0x000000073b200000, 0x000000073b400000|  0%| F|  |TAMS 0x000000073b200000| PB 0x000000073b200000| Untracked |  0
| 474|0x000000073b400000, 0x000000073b400000, 0x000000073b600000|  0%| F|  |TAMS 0x000000073b400000| PB 0x000000073b400000| Untracked |  0
| 475|0x000000073b600000, 0x000000073b600000, 0x000000073b800000|  0%| F|  |TAMS 0x000000073b600000| PB 0x000000073b600000| Untracked |  0
| 476|0x000000073b800000, 0x000000073b800000, 0x000000073ba00000|  0%| F|  |TAMS 0x000000073b800000| PB 0x000000073b800000| Untracked |  0
| 477|0x000000073ba00000, 0x000000073ba00000, 0x000000073bc00000|  0%| F|  |TAMS 0x000000073ba00000| PB 0x000000073ba00000| Untracked |  0
| 478|0x000000073bc00000, 0x000000073bc00000, 0x000000073be00000|  0%| F|  |TAMS 0x000000073bc00000| PB 0x000000073bc00000| Untracked |  0
| 479|0x000000073be00000, 0x000000073be00000, 0x000000073c000000|  0%| F|  |TAMS 0x000000073be00000| PB 0x000000073be00000| Untracked |  0
| 480|0x000000073c000000, 0x000000073c000000, 0x000000073c200000|  0%| F|  |TAMS 0x000000073c000000| PB 0x000000073c000000| Untracked |  0
| 481|0x000000073c200000, 0x000000073c200000, 0x000000073c400000|  0%| F|  |TAMS 0x000000073c200000| PB 0x000000073c200000| Untracked |  0
| 482|0x000000073c400000, 0x000000073c400000, 0x000000073c600000|  0%| F|  |TAMS 0x000000073c400000| PB 0x000000073c400000| Untracked |  0
| 483|0x000000073c600000, 0x000000073c600000, 0x000000073c800000|  0%| F|  |TAMS 0x000000073c600000| PB 0x000000073c600000| Untracked |  0
| 484|0x000000073c800000, 0x000000073c800000, 0x000000073ca00000|  0%| F|  |TAMS 0x000000073c800000| PB 0x000000073c800000| Untracked |  0
| 485|0x000000073ca00000, 0x000000073ca00000, 0x000000073cc00000|  0%| F|  |TAMS 0x000000073ca00000| PB 0x000000073ca00000| Untracked |  0
| 486|0x000000073cc00000, 0x000000073cc00000, 0x000000073ce00000|  0%| F|  |TAMS 0x000000073cc00000| PB 0x000000073cc00000| Untracked |  0
| 487|0x000000073ce00000, 0x000000073ce00000, 0x000000073d000000|  0%| F|  |TAMS 0x000000073ce00000| PB 0x000000073ce00000| Untracked |  0
| 488|0x000000073d000000, 0x000000073d000000, 0x000000073d200000|  0%| F|  |TAMS 0x000000073d000000| PB 0x000000073d000000| Untracked |  0
| 489|0x000000073d200000, 0x000000073d200000, 0x000000073d400000|  0%| F|  |TAMS 0x000000073d200000| PB 0x000000073d200000| Untracked |  0
| 490|0x000000073d400000, 0x000000073d400000, 0x000000073d600000|  0%| F|  |TAMS 0x000000073d400000| PB 0x000000073d400000| Untracked |  0
| 491|0x000000073d600000, 0x000000073d600000, 0x000000073d800000|  0%| F|  |TAMS 0x000000073d600000| PB 0x000000073d600000| Untracked |  0
| 492|0x000000073d800000, 0x000000073d800000, 0x000000073da00000|  0%| F|  |TAMS 0x000000073d800000| PB 0x000000073d800000| Untracked |  0
| 493|0x000000073da00000, 0x000000073da00000, 0x000000073dc00000|  0%| F|  |TAMS 0x000000073da00000| PB 0x000000073da00000| Untracked |  0
| 494|0x000000073dc00000, 0x000000073dc00000, 0x000000073de00000|  0%| F|  |TAMS 0x000000073dc00000| PB 0x000000073dc00000| Untracked |  0
| 495|0x000000073de00000, 0x000000073de00000, 0x000000073e000000|  0%| F|  |TAMS 0x000000073de00000| PB 0x000000073de00000| Untracked |  0
| 496|0x000000073e000000, 0x000000073e000000, 0x000000073e200000|  0%| F|  |TAMS 0x000000073e000000| PB 0x000000073e000000| Untracked |  0
| 497|0x000000073e200000, 0x000000073e200000, 0x000000073e400000|  0%| F|  |TAMS 0x000000073e200000| PB 0x000000073e200000| Untracked |  0
| 498|0x000000073e400000, 0x000000073e400000, 0x000000073e600000|  0%| F|  |TAMS 0x000000073e400000| PB 0x000000073e400000| Untracked |  0
| 499|0x000000073e600000, 0x000000073e600000, 0x000000073e800000|  0%| F|  |TAMS 0x000000073e600000| PB 0x000000073e600000| Untracked |  0
| 500|0x000000073e800000, 0x000000073e800000, 0x000000073ea00000|  0%| F|  |TAMS 0x000000073e800000| PB 0x000000073e800000| Untracked |  0
| 501|0x000000073ea00000, 0x000000073ea00000, 0x000000073ec00000|  0%| F|  |TAMS 0x000000073ea00000| PB 0x000000073ea00000| Untracked |  0
| 502|0x000000073ec00000, 0x000000073ec00000, 0x000000073ee00000|  0%| F|  |TAMS 0x000000073ec00000| PB 0x000000073ec00000| Untracked |  0
| 503|0x000000073ee00000, 0x000000073ee00000, 0x000000073f000000|  0%| F|  |TAMS 0x000000073ee00000| PB 0x000000073ee00000| Untracked |  0
| 504|0x000000073f000000, 0x000000073f000000, 0x000000073f200000|  0%| F|  |TAMS 0x000000073f000000| PB 0x000000073f000000| Untracked |  0
| 505|0x000000073f200000, 0x000000073f200000, 0x000000073f400000|  0%| F|  |TAMS 0x000000073f200000| PB 0x000000073f200000| Untracked |  0
| 506|0x000000073f400000, 0x000000073f400000, 0x000000073f600000|  0%| F|  |TAMS 0x000000073f400000| PB 0x000000073f400000| Untracked |  0
| 507|0x000000073f600000, 0x000000073f600000, 0x000000073f800000|  0%| F|  |TAMS 0x000000073f600000| PB 0x000000073f600000| Untracked |  0
| 508|0x000000073f800000, 0x000000073f800000, 0x000000073fa00000|  0%| F|  |TAMS 0x000000073f800000| PB 0x000000073f800000| Untracked |  0
| 509|0x000000073fa00000, 0x000000073fa00000, 0x000000073fc00000|  0%| F|  |TAMS 0x000000073fa00000| PB 0x000000073fa00000| Untracked |  0
| 510|0x000000073fc00000, 0x000000073fc00000, 0x000000073fe00000|  0%| F|  |TAMS 0x000000073fc00000| PB 0x000000073fc00000| Untracked |  0
| 511|0x000000073fe00000, 0x000000073fe00000, 0x0000000740000000|  0%| F|  |TAMS 0x000000073fe00000| PB 0x000000073fe00000| Untracked |  0
| 512|0x0000000740000000, 0x0000000740000000, 0x0000000740200000|  0%| F|  |TAMS 0x0000000740000000| PB 0x0000000740000000| Untracked |  0
| 513|0x0000000740200000, 0x0000000740200000, 0x0000000740400000|  0%| F|  |TAMS 0x0000000740200000| PB 0x0000000740200000| Untracked |  0
| 514|0x0000000740400000, 0x0000000740400000, 0x0000000740600000|  0%| F|  |TAMS 0x0000000740400000| PB 0x0000000740400000| Untracked |  0
| 515|0x0000000740600000, 0x0000000740600000, 0x0000000740800000|  0%| F|  |TAMS 0x0000000740600000| PB 0x0000000740600000| Untracked |  0
| 516|0x0000000740800000, 0x0000000740800000, 0x0000000740a00000|  0%| F|  |TAMS 0x0000000740800000| PB 0x0000000740800000| Untracked |  0
| 517|0x0000000740a00000, 0x0000000740a00000, 0x0000000740c00000|  0%| F|  |TAMS 0x0000000740a00000| PB 0x0000000740a00000| Untracked |  0
| 518|0x0000000740c00000, 0x0000000740c00000, 0x0000000740e00000|  0%| F|  |TAMS 0x0000000740c00000| PB 0x0000000740c00000| Untracked |  0
| 519|0x0000000740e00000, 0x0000000740e00000, 0x0000000741000000|  0%| F|  |TAMS 0x0000000740e00000| PB 0x0000000740e00000| Untracked |  0
| 520|0x0000000741000000, 0x0000000741000000, 0x0000000741200000|  0%| F|  |TAMS 0x0000000741000000| PB 0x0000000741000000| Untracked |  0
| 521|0x0000000741200000, 0x0000000741200000, 0x0000000741400000|  0%| F|  |TAMS 0x0000000741200000| PB 0x0000000741200000| Untracked |  0
| 522|0x0000000741400000, 0x0000000741400000, 0x0000000741600000|  0%| F|  |TAMS 0x0000000741400000| PB 0x0000000741400000| Untracked |  0
| 523|0x0000000741600000, 0x0000000741600000, 0x0000000741800000|  0%| F|  |TAMS 0x0000000741600000| PB 0x0000000741600000| Untracked |  0
| 524|0x0000000741800000, 0x0000000741800000, 0x0000000741a00000|  0%| F|  |TAMS 0x0000000741800000| PB 0x0000000741800000| Untracked |  0
| 525|0x0000000741a00000, 0x0000000741a00000, 0x0000000741c00000|  0%| F|  |TAMS 0x0000000741a00000| PB 0x0000000741a00000| Untracked |  0
| 526|0x0000000741c00000, 0x0000000741c00000, 0x0000000741e00000|  0%| F|  |TAMS 0x0000000741c00000| PB 0x0000000741c00000| Untracked |  0
| 527|0x0000000741e00000, 0x0000000741e00000, 0x0000000742000000|  0%| F|  |TAMS 0x0000000741e00000| PB 0x0000000741e00000| Untracked |  0
| 528|0x0000000742000000, 0x0000000742000000, 0x0000000742200000|  0%| F|  |TAMS 0x0000000742000000| PB 0x0000000742000000| Untracked |  0
| 529|0x0000000742200000, 0x0000000742200000, 0x0000000742400000|  0%| F|  |TAMS 0x0000000742200000| PB 0x0000000742200000| Untracked |  0
| 530|0x0000000742400000, 0x0000000742400000, 0x0000000742600000|  0%| F|  |TAMS 0x0000000742400000| PB 0x0000000742400000| Untracked |  0
| 531|0x0000000742600000, 0x0000000742600000, 0x0000000742800000|  0%| F|  |TAMS 0x0000000742600000| PB 0x0000000742600000| Untracked |  0
| 532|0x0000000742800000, 0x0000000742800000, 0x0000000742a00000|  0%| F|  |TAMS 0x0000000742800000| PB 0x0000000742800000| Untracked |  0
| 533|0x0000000742a00000, 0x0000000742a00000, 0x0000000742c00000|  0%| F|  |TAMS 0x0000000742a00000| PB 0x0000000742a00000| Untracked |  0
| 534|0x0000000742c00000, 0x0000000742c00000, 0x0000000742e00000|  0%| F|  |TAMS 0x0000000742c00000| PB 0x0000000742c00000| Untracked |  0
| 535|0x0000000742e00000, 0x0000000742e00000, 0x0000000743000000|  0%| F|  |TAMS 0x0000000742e00000| PB 0x0000000742e00000| Untracked |  0
| 536|0x0000000743000000, 0x0000000743000000, 0x0000000743200000|  0%| F|  |TAMS 0x0000000743000000| PB 0x0000000743000000| Untracked |  0
| 537|0x0000000743200000, 0x0000000743200000, 0x0000000743400000|  0%| F|  |TAMS 0x0000000743200000| PB 0x0000000743200000| Untracked |  0
| 538|0x0000000743400000, 0x0000000743400000, 0x0000000743600000|  0%| F|  |TAMS 0x0000000743400000| PB 0x0000000743400000| Untracked |  0
| 539|0x0000000743600000, 0x0000000743600000, 0x0000000743800000|  0%| F|  |TAMS 0x0000000743600000| PB 0x0000000743600000| Untracked |  0
| 540|0x0000000743800000, 0x0000000743800000, 0x0000000743a00000|  0%| F|  |TAMS 0x0000000743800000| PB 0x0000000743800000| Untracked |  0
| 541|0x0000000743a00000, 0x0000000743a00000, 0x0000000743c00000|  0%| F|  |TAMS 0x0000000743a00000| PB 0x0000000743a00000| Untracked |  0
| 542|0x0000000743c00000, 0x0000000743c00000, 0x0000000743e00000|  0%| F|  |TAMS 0x0000000743c00000| PB 0x0000000743c00000| Untracked |  0
| 543|0x0000000743e00000, 0x0000000743e00000, 0x0000000744000000|  0%| F|  |TAMS 0x0000000743e00000| PB 0x0000000743e00000| Untracked |  0
| 544|0x0000000744000000, 0x0000000744000000, 0x0000000744200000|  0%| F|  |TAMS 0x0000000744000000| PB 0x0000000744000000| Untracked |  0
| 545|0x0000000744200000, 0x0000000744200000, 0x0000000744400000|  0%| F|  |TAMS 0x0000000744200000| PB 0x0000000744200000| Untracked |  0
| 546|0x0000000744400000, 0x0000000744400000, 0x0000000744600000|  0%| F|  |TAMS 0x0000000744400000| PB 0x0000000744400000| Untracked |  0
| 547|0x0000000744600000, 0x0000000744600000, 0x0000000744800000|  0%| F|  |TAMS 0x0000000744600000| PB 0x0000000744600000| Untracked |  0
| 548|0x0000000744800000, 0x0000000744800000, 0x0000000744a00000|  0%| F|  |TAMS 0x0000000744800000| PB 0x0000000744800000| Untracked |  0
| 549|0x0000000744a00000, 0x0000000744a00000, 0x0000000744c00000|  0%| F|  |TAMS 0x0000000744a00000| PB 0x0000000744a00000| Untracked |  0
| 550|0x0000000744c00000, 0x0000000744c00000, 0x0000000744e00000|  0%| F|  |TAMS 0x0000000744c00000| PB 0x0000000744c00000| Untracked |  0
| 551|0x0000000744e00000, 0x0000000744e00000, 0x0000000745000000|  0%| F|  |TAMS 0x0000000744e00000| PB 0x0000000744e00000| Untracked |  0
| 552|0x0000000745000000, 0x0000000745000000, 0x0000000745200000|  0%| F|  |TAMS 0x0000000745000000| PB 0x0000000745000000| Untracked |  0
| 553|0x0000000745200000, 0x0000000745200000, 0x0000000745400000|  0%| F|  |TAMS 0x0000000745200000| PB 0x0000000745200000| Untracked |  0
| 554|0x0000000745400000, 0x0000000745400000, 0x0000000745600000|  0%| F|  |TAMS 0x0000000745400000| PB 0x0000000745400000| Untracked |  0
| 555|0x0000000745600000, 0x0000000745600000, 0x0000000745800000|  0%| F|  |TAMS 0x0000000745600000| PB 0x0000000745600000| Untracked |  0
| 556|0x0000000745800000, 0x0000000745800000, 0x0000000745a00000|  0%| F|  |TAMS 0x0000000745800000| PB 0x0000000745800000| Untracked |  0
| 557|0x0000000745a00000, 0x0000000745a00000, 0x0000000745c00000|  0%| F|  |TAMS 0x0000000745a00000| PB 0x0000000745a00000| Untracked |  0
| 558|0x0000000745c00000, 0x0000000745c00000, 0x0000000745e00000|  0%| F|  |TAMS 0x0000000745c00000| PB 0x0000000745c00000| Untracked |  0
| 559|0x0000000745e00000, 0x0000000745e00000, 0x0000000746000000|  0%| F|  |TAMS 0x0000000745e00000| PB 0x0000000745e00000| Untracked |  0
| 560|0x0000000746000000, 0x0000000746000000, 0x0000000746200000|  0%| F|  |TAMS 0x0000000746000000| PB 0x0000000746000000| Untracked |  0
| 561|0x0000000746200000, 0x0000000746200000, 0x0000000746400000|  0%| F|  |TAMS 0x0000000746200000| PB 0x0000000746200000| Untracked |  0
| 562|0x0000000746400000, 0x0000000746400000, 0x0000000746600000|  0%| F|  |TAMS 0x0000000746400000| PB 0x0000000746400000| Untracked |  0
| 563|0x0000000746600000, 0x0000000746600000, 0x0000000746800000|  0%| F|  |TAMS 0x0000000746600000| PB 0x0000000746600000| Untracked |  0
| 564|0x0000000746800000, 0x0000000746800000, 0x0000000746a00000|  0%| F|  |TAMS 0x0000000746800000| PB 0x0000000746800000| Untracked |  0
| 565|0x0000000746a00000, 0x0000000746a00000, 0x0000000746c00000|  0%| F|  |TAMS 0x0000000746a00000| PB 0x0000000746a00000| Untracked |  0
| 566|0x0000000746c00000, 0x0000000746c00000, 0x0000000746e00000|  0%| F|  |TAMS 0x0000000746c00000| PB 0x0000000746c00000| Untracked |  0
| 567|0x0000000746e00000, 0x0000000746e00000, 0x0000000747000000|  0%| F|  |TAMS 0x0000000746e00000| PB 0x0000000746e00000| Untracked |  0
| 568|0x0000000747000000, 0x0000000747000000, 0x0000000747200000|  0%| F|  |TAMS 0x0000000747000000| PB 0x0000000747000000| Untracked |  0
| 569|0x0000000747200000, 0x0000000747200000, 0x0000000747400000|  0%| F|  |TAMS 0x0000000747200000| PB 0x0000000747200000| Untracked |  0
| 570|0x0000000747400000, 0x0000000747400000, 0x0000000747600000|  0%| F|  |TAMS 0x0000000747400000| PB 0x0000000747400000| Untracked |  0
| 571|0x0000000747600000, 0x0000000747600000, 0x0000000747800000|  0%| F|  |TAMS 0x0000000747600000| PB 0x0000000747600000| Untracked |  0
| 572|0x0000000747800000, 0x0000000747800000, 0x0000000747a00000|  0%| F|  |TAMS 0x0000000747800000| PB 0x0000000747800000| Untracked |  0
| 573|0x0000000747a00000, 0x0000000747a00000, 0x0000000747c00000|  0%| F|  |TAMS 0x0000000747a00000| PB 0x0000000747a00000| Untracked |  0
| 574|0x0000000747c00000, 0x0000000747c00000, 0x0000000747e00000|  0%| F|  |TAMS 0x0000000747c00000| PB 0x0000000747c00000| Untracked |  0
| 575|0x0000000747e00000, 0x0000000747e00000, 0x0000000748000000|  0%| F|  |TAMS 0x0000000747e00000| PB 0x0000000747e00000| Untracked |  0
| 576|0x0000000748000000, 0x0000000748000000, 0x0000000748200000|  0%| F|  |TAMS 0x0000000748000000| PB 0x0000000748000000| Untracked |  0
| 577|0x0000000748200000, 0x0000000748200000, 0x0000000748400000|  0%| F|  |TAMS 0x0000000748200000| PB 0x0000000748200000| Untracked |  0
| 578|0x0000000748400000, 0x0000000748400000, 0x0000000748600000|  0%| F|  |TAMS 0x0000000748400000| PB 0x0000000748400000| Untracked |  0
| 579|0x0000000748600000, 0x0000000748600000, 0x0000000748800000|  0%| F|  |TAMS 0x0000000748600000| PB 0x0000000748600000| Untracked |  0
| 580|0x0000000748800000, 0x0000000748800000, 0x0000000748a00000|  0%| F|  |TAMS 0x0000000748800000| PB 0x0000000748800000| Untracked |  0
| 581|0x0000000748a00000, 0x0000000748a00000, 0x0000000748c00000|  0%| F|  |TAMS 0x0000000748a00000| PB 0x0000000748a00000| Untracked |  0
| 582|0x0000000748c00000, 0x0000000748c00000, 0x0000000748e00000|  0%| F|  |TAMS 0x0000000748c00000| PB 0x0000000748c00000| Untracked |  0
| 583|0x0000000748e00000, 0x0000000748e00000, 0x0000000749000000|  0%| F|  |TAMS 0x0000000748e00000| PB 0x0000000748e00000| Untracked |  0
| 584|0x0000000749000000, 0x0000000749000000, 0x0000000749200000|  0%| F|  |TAMS 0x0000000749000000| PB 0x0000000749000000| Untracked |  0
| 585|0x0000000749200000, 0x0000000749200000, 0x0000000749400000|  0%| F|  |TAMS 0x0000000749200000| PB 0x0000000749200000| Untracked |  0
| 586|0x0000000749400000, 0x0000000749400000, 0x0000000749600000|  0%| F|  |TAMS 0x0000000749400000| PB 0x0000000749400000| Untracked |  0
| 587|0x0000000749600000, 0x0000000749600000, 0x0000000749800000|  0%| F|  |TAMS 0x0000000749600000| PB 0x0000000749600000| Untracked |  0
| 588|0x0000000749800000, 0x0000000749800000, 0x0000000749a00000|  0%| F|  |TAMS 0x0000000749800000| PB 0x0000000749800000| Untracked |  0
| 589|0x0000000749a00000, 0x0000000749a00000, 0x0000000749c00000|  0%| F|  |TAMS 0x0000000749a00000| PB 0x0000000749a00000| Untracked |  0
| 590|0x0000000749c00000, 0x0000000749c00000, 0x0000000749e00000|  0%| F|  |TAMS 0x0000000749c00000| PB 0x0000000749c00000| Untracked |  0
| 591|0x0000000749e00000, 0x0000000749e00000, 0x000000074a000000|  0%| F|  |TAMS 0x0000000749e00000| PB 0x0000000749e00000| Untracked |  0
| 592|0x000000074a000000, 0x000000074a000000, 0x000000074a200000|  0%| F|  |TAMS 0x000000074a000000| PB 0x000000074a000000| Untracked |  0
| 593|0x000000074a200000, 0x000000074a200000, 0x000000074a400000|  0%| F|  |TAMS 0x000000074a200000| PB 0x000000074a200000| Untracked |  0
| 594|0x000000074a400000, 0x000000074a400000, 0x000000074a600000|  0%| F|  |TAMS 0x000000074a400000| PB 0x000000074a400000| Untracked |  0
| 595|0x000000074a600000, 0x000000074a600000, 0x000000074a800000|  0%| F|  |TAMS 0x000000074a600000| PB 0x000000074a600000| Untracked |  0
| 596|0x000000074a800000, 0x000000074a800000, 0x000000074aa00000|  0%| F|  |TAMS 0x000000074a800000| PB 0x000000074a800000| Untracked |  0
| 597|0x000000074aa00000, 0x000000074aa00000, 0x000000074ac00000|  0%| F|  |TAMS 0x000000074aa00000| PB 0x000000074aa00000| Untracked |  0
| 598|0x000000074ac00000, 0x000000074ac00000, 0x000000074ae00000|  0%| F|  |TAMS 0x000000074ac00000| PB 0x000000074ac00000| Untracked |  0
| 599|0x000000074ae00000, 0x000000074ae00000, 0x000000074b000000|  0%| F|  |TAMS 0x000000074ae00000| PB 0x000000074ae00000| Untracked |  0
| 600|0x000000074b000000, 0x000000074b000000, 0x000000074b200000|  0%| F|  |TAMS 0x000000074b000000| PB 0x000000074b000000| Untracked |  0
| 601|0x000000074b200000, 0x000000074b200000, 0x000000074b400000|  0%| F|  |TAMS 0x000000074b200000| PB 0x000000074b200000| Untracked |  0
| 602|0x000000074b400000, 0x000000074b400000, 0x000000074b600000|  0%| F|  |TAMS 0x000000074b400000| PB 0x000000074b400000| Untracked |  0
| 603|0x000000074b600000, 0x000000074b600000, 0x000000074b800000|  0%| F|  |TAMS 0x000000074b600000| PB 0x000000074b600000| Untracked |  0
| 604|0x000000074b800000, 0x000000074b800000, 0x000000074ba00000|  0%| F|  |TAMS 0x000000074b800000| PB 0x000000074b800000| Untracked |  0
| 605|0x000000074ba00000, 0x000000074ba00000, 0x000000074bc00000|  0%| F|  |TAMS 0x000000074ba00000| PB 0x000000074ba00000| Untracked |  0
| 606|0x000000074bc00000, 0x000000074bc00000, 0x000000074be00000|  0%| F|  |TAMS 0x000000074bc00000| PB 0x000000074bc00000| Untracked |  0
| 607|0x000000074be00000, 0x000000074be00000, 0x000000074c000000|  0%| F|  |TAMS 0x000000074be00000| PB 0x000000074be00000| Untracked |  0
| 608|0x000000074c000000, 0x000000074c000000, 0x000000074c200000|  0%| F|  |TAMS 0x000000074c000000| PB 0x000000074c000000| Untracked |  0
| 609|0x000000074c200000, 0x000000074c200000, 0x000000074c400000|  0%| F|  |TAMS 0x000000074c200000| PB 0x000000074c200000| Untracked |  0
| 610|0x000000074c400000, 0x000000074c400000, 0x000000074c600000|  0%| F|  |TAMS 0x000000074c400000| PB 0x000000074c400000| Untracked |  0
| 611|0x000000074c600000, 0x000000074c600000, 0x000000074c800000|  0%| F|  |TAMS 0x000000074c600000| PB 0x000000074c600000| Untracked |  0
| 612|0x000000074c800000, 0x000000074c800000, 0x000000074ca00000|  0%| F|  |TAMS 0x000000074c800000| PB 0x000000074c800000| Untracked |  0
| 613|0x000000074ca00000, 0x000000074ca00000, 0x000000074cc00000|  0%| F|  |TAMS 0x000000074ca00000| PB 0x000000074ca00000| Untracked |  0
| 614|0x000000074cc00000, 0x000000074cc00000, 0x000000074ce00000|  0%| F|  |TAMS 0x000000074cc00000| PB 0x000000074cc00000| Untracked |  0
| 615|0x000000074ce00000, 0x000000074ce00000, 0x000000074d000000|  0%| F|  |TAMS 0x000000074ce00000| PB 0x000000074ce00000| Untracked |  0
| 616|0x000000074d000000, 0x000000074d000000, 0x000000074d200000|  0%| F|  |TAMS 0x000000074d000000| PB 0x000000074d000000| Untracked |  0
| 617|0x000000074d200000, 0x000000074d200000, 0x000000074d400000|  0%| F|  |TAMS 0x000000074d200000| PB 0x000000074d200000| Untracked |  0
| 618|0x000000074d400000, 0x000000074d400000, 0x000000074d600000|  0%| F|  |TAMS 0x000000074d400000| PB 0x000000074d400000| Untracked |  0
| 619|0x000000074d600000, 0x000000074d600000, 0x000000074d800000|  0%| F|  |TAMS 0x000000074d600000| PB 0x000000074d600000| Untracked |  0
| 620|0x000000074d800000, 0x000000074d800000, 0x000000074da00000|  0%| F|  |TAMS 0x000000074d800000| PB 0x000000074d800000| Untracked |  0
| 621|0x000000074da00000, 0x000000074da00000, 0x000000074dc00000|  0%| F|  |TAMS 0x000000074da00000| PB 0x000000074da00000| Untracked |  0
| 622|0x000000074dc00000, 0x000000074dc00000, 0x000000074de00000|  0%| F|  |TAMS 0x000000074dc00000| PB 0x000000074dc00000| Untracked |  0
| 623|0x000000074de00000, 0x000000074de00000, 0x000000074e000000|  0%| F|  |TAMS 0x000000074de00000| PB 0x000000074de00000| Untracked |  0
| 624|0x000000074e000000, 0x000000074e000000, 0x000000074e200000|  0%| F|  |TAMS 0x000000074e000000| PB 0x000000074e000000| Untracked |  0
| 625|0x000000074e200000, 0x000000074e200000, 0x000000074e400000|  0%| F|  |TAMS 0x000000074e200000| PB 0x000000074e200000| Untracked |  0
| 626|0x000000074e400000, 0x000000074e400000, 0x000000074e600000|  0%| F|  |TAMS 0x000000074e400000| PB 0x000000074e400000| Untracked |  0
| 627|0x000000074e600000, 0x000000074e600000, 0x000000074e800000|  0%| F|  |TAMS 0x000000074e600000| PB 0x000000074e600000| Untracked |  0
| 628|0x000000074e800000, 0x000000074e800000, 0x000000074ea00000|  0%| F|  |TAMS 0x000000074e800000| PB 0x000000074e800000| Untracked |  0
| 629|0x000000074ea00000, 0x000000074ea00000, 0x000000074ec00000|  0%| F|  |TAMS 0x000000074ea00000| PB 0x000000074ea00000| Untracked |  0
| 630|0x000000074ec00000, 0x000000074ec00000, 0x000000074ee00000|  0%| F|  |TAMS 0x000000074ec00000| PB 0x000000074ec00000| Untracked |  0
| 631|0x000000074ee00000, 0x000000074ee00000, 0x000000074f000000|  0%| F|  |TAMS 0x000000074ee00000| PB 0x000000074ee00000| Untracked |  0
| 632|0x000000074f000000, 0x000000074f000000, 0x000000074f200000|  0%| F|  |TAMS 0x000000074f000000| PB 0x000000074f000000| Untracked |  0
| 633|0x000000074f200000, 0x000000074f200000, 0x000000074f400000|  0%| F|  |TAMS 0x000000074f200000| PB 0x000000074f200000| Untracked |  0
| 634|0x000000074f400000, 0x000000074f400000, 0x000000074f600000|  0%| F|  |TAMS 0x000000074f400000| PB 0x000000074f400000| Untracked |  0
| 635|0x000000074f600000, 0x000000074f600000, 0x000000074f800000|  0%| F|  |TAMS 0x000000074f600000| PB 0x000000074f600000| Untracked |  0
| 636|0x000000074f800000, 0x000000074f800000, 0x000000074fa00000|  0%| F|  |TAMS 0x000000074f800000| PB 0x000000074f800000| Untracked |  0
| 637|0x000000074fa00000, 0x000000074fa00000, 0x000000074fc00000|  0%| F|  |TAMS 0x000000074fa00000| PB 0x000000074fa00000| Untracked |  0
| 638|0x000000074fc00000, 0x000000074fc00000, 0x000000074fe00000|  0%| F|  |TAMS 0x000000074fc00000| PB 0x000000074fc00000| Untracked |  0
| 639|0x000000074fe00000, 0x000000074fe00000, 0x0000000750000000|  0%| F|  |TAMS 0x000000074fe00000| PB 0x000000074fe00000| Untracked |  0
| 640|0x0000000750000000, 0x0000000750000000, 0x0000000750200000|  0%| F|  |TAMS 0x0000000750000000| PB 0x0000000750000000| Untracked |  0
| 641|0x0000000750200000, 0x0000000750200000, 0x0000000750400000|  0%| F|  |TAMS 0x0000000750200000| PB 0x0000000750200000| Untracked |  0
| 642|0x0000000750400000, 0x0000000750400000, 0x0000000750600000|  0%| F|  |TAMS 0x0000000750400000| PB 0x0000000750400000| Untracked |  0
| 643|0x0000000750600000, 0x0000000750600000, 0x0000000750800000|  0%| F|  |TAMS 0x0000000750600000| PB 0x0000000750600000| Untracked |  0
| 644|0x0000000750800000, 0x0000000750800000, 0x0000000750a00000|  0%| F|  |TAMS 0x0000000750800000| PB 0x0000000750800000| Untracked |  0
| 645|0x0000000750a00000, 0x0000000750a00000, 0x0000000750c00000|  0%| F|  |TAMS 0x0000000750a00000| PB 0x0000000750a00000| Untracked |  0
| 646|0x0000000750c00000, 0x0000000750c00000, 0x0000000750e00000|  0%| F|  |TAMS 0x0000000750c00000| PB 0x0000000750c00000| Untracked |  0
| 647|0x0000000750e00000, 0x0000000750e00000, 0x0000000751000000|  0%| F|  |TAMS 0x0000000750e00000| PB 0x0000000750e00000| Untracked |  0
| 648|0x0000000751000000, 0x0000000751000000, 0x0000000751200000|  0%| F|  |TAMS 0x0000000751000000| PB 0x0000000751000000| Untracked |  0
| 649|0x0000000751200000, 0x0000000751200000, 0x0000000751400000|  0%| F|  |TAMS 0x0000000751200000| PB 0x0000000751200000| Untracked |  0
| 650|0x0000000751400000, 0x0000000751400000, 0x0000000751600000|  0%| F|  |TAMS 0x0000000751400000| PB 0x0000000751400000| Untracked |  0
| 651|0x0000000751600000, 0x0000000751600000, 0x0000000751800000|  0%| F|  |TAMS 0x0000000751600000| PB 0x0000000751600000| Untracked |  0
| 652|0x0000000751800000, 0x0000000751800000, 0x0000000751a00000|  0%| F|  |TAMS 0x0000000751800000| PB 0x0000000751800000| Untracked |  0
| 653|0x0000000751a00000, 0x0000000751a00000, 0x0000000751c00000|  0%| F|  |TAMS 0x0000000751a00000| PB 0x0000000751a00000| Untracked |  0
| 654|0x0000000751c00000, 0x0000000751c00000, 0x0000000751e00000|  0%| F|  |TAMS 0x0000000751c00000| PB 0x0000000751c00000| Untracked |  0
| 655|0x0000000751e00000, 0x0000000751e00000, 0x0000000752000000|  0%| F|  |TAMS 0x0000000751e00000| PB 0x0000000751e00000| Untracked |  0
| 656|0x0000000752000000, 0x0000000752000000, 0x0000000752200000|  0%| F|  |TAMS 0x0000000752000000| PB 0x0000000752000000| Untracked |  0
| 657|0x0000000752200000, 0x0000000752200000, 0x0000000752400000|  0%| F|  |TAMS 0x0000000752200000| PB 0x0000000752200000| Untracked |  0
| 658|0x0000000752400000, 0x0000000752400000, 0x0000000752600000|  0%| F|  |TAMS 0x0000000752400000| PB 0x0000000752400000| Untracked |  0
| 659|0x0000000752600000, 0x0000000752600000, 0x0000000752800000|  0%| F|  |TAMS 0x0000000752600000| PB 0x0000000752600000| Untracked |  0
| 660|0x0000000752800000, 0x0000000752800000, 0x0000000752a00000|  0%| F|  |TAMS 0x0000000752800000| PB 0x0000000752800000| Untracked |  0
| 661|0x0000000752a00000, 0x0000000752a00000, 0x0000000752c00000|  0%| F|  |TAMS 0x0000000752a00000| PB 0x0000000752a00000| Untracked |  0
| 662|0x0000000752c00000, 0x0000000752c00000, 0x0000000752e00000|  0%| F|  |TAMS 0x0000000752c00000| PB 0x0000000752c00000| Untracked |  0
| 663|0x0000000752e00000, 0x0000000752e00000, 0x0000000753000000|  0%| F|  |TAMS 0x0000000752e00000| PB 0x0000000752e00000| Untracked |  0
| 664|0x0000000753000000, 0x0000000753000000, 0x0000000753200000|  0%| F|  |TAMS 0x0000000753000000| PB 0x0000000753000000| Untracked |  0
| 665|0x0000000753200000, 0x0000000753200000, 0x0000000753400000|  0%| F|  |TAMS 0x0000000753200000| PB 0x0000000753200000| Untracked |  0
| 666|0x0000000753400000, 0x0000000753400000, 0x0000000753600000|  0%| F|  |TAMS 0x0000000753400000| PB 0x0000000753400000| Untracked |  0
| 667|0x0000000753600000, 0x0000000753600000, 0x0000000753800000|  0%| F|  |TAMS 0x0000000753600000| PB 0x0000000753600000| Untracked |  0
| 668|0x0000000753800000, 0x0000000753800000, 0x0000000753a00000|  0%| F|  |TAMS 0x0000000753800000| PB 0x0000000753800000| Untracked |  0
| 669|0x0000000753a00000, 0x0000000753a00000, 0x0000000753c00000|  0%| F|  |TAMS 0x0000000753a00000| PB 0x0000000753a00000| Untracked |  0
| 670|0x0000000753c00000, 0x0000000753c00000, 0x0000000753e00000|  0%| F|  |TAMS 0x0000000753c00000| PB 0x0000000753c00000| Untracked |  0
| 671|0x0000000753e00000, 0x0000000753e00000, 0x0000000754000000|  0%| F|  |TAMS 0x0000000753e00000| PB 0x0000000753e00000| Untracked |  0
| 672|0x0000000754000000, 0x0000000754000000, 0x0000000754200000|  0%| F|  |TAMS 0x0000000754000000| PB 0x0000000754000000| Untracked |  0
| 673|0x0000000754200000, 0x0000000754200000, 0x0000000754400000|  0%| F|  |TAMS 0x0000000754200000| PB 0x0000000754200000| Untracked |  0
| 674|0x0000000754400000, 0x0000000754400000, 0x0000000754600000|  0%| F|  |TAMS 0x0000000754400000| PB 0x0000000754400000| Untracked |  0
| 675|0x0000000754600000, 0x0000000754600000, 0x0000000754800000|  0%| F|  |TAMS 0x0000000754600000| PB 0x0000000754600000| Untracked |  0
| 676|0x0000000754800000, 0x0000000754800000, 0x0000000754a00000|  0%| F|  |TAMS 0x0000000754800000| PB 0x0000000754800000| Untracked |  0
|2041|0x00000007ff200000, 0x00000007ff400000, 0x00000007ff400000|100%| O|  |TAMS 0x00000007ff400000| PB 0x00000007ff200000| Untracked |  0
|2042|0x00000007ff400000, 0x00000007ff600000, 0x00000007ff600000|100%| O|  |TAMS 0x00000007ff600000| PB 0x00000007ff400000| Untracked |  0
|2043|0x00000007ff600000, 0x00000007ff600000, 0x00000007ff800000|  0%| F|  |TAMS 0x00000007ff600000| PB 0x00000007ff600000| Untracked |  0
|2044|0x00000007ff800000, 0x00000007ffa00000, 0x00000007ffa00000|100%| O|  |TAMS 0x00000007ffa00000| PB 0x00000007ff800000| Untracked |  0
|2045|0x00000007ffa00000, 0x00000007ffc00000, 0x00000007ffc00000|100%| O|  |TAMS 0x00000007ffc00000| PB 0x00000007ffa00000| Untracked |  0
|2046|0x00000007ffc00000, 0x00000007ffe00000, 0x00000007ffe00000|100%| O|  |TAMS 0x00000007ffe00000| PB 0x00000007ffc00000| Untracked |  0
|2047|0x00000007ffe00000, 0x00000007ffe00000, 0x0000000800000000|  0%| F|  |TAMS 0x00000007ffe00000| PB 0x00000007ffe00000| Untracked |  0

Card table byte_map: [0x000001d9a0bd0000,0x000001d9a13d0000] _byte_map_base: 0x000001d99d3d0000

Marking Bits: (CMBitMap*) 0x000001d9888cbe40
 Bits: [0x000001d9a13d0000, 0x000001d9a53d0000)

Polling page: 0x000001d986600000

Metaspace:

Usage:
  Non-class:    100.08 MB used.
      Class:     16.76 MB used.
       Both:    116.84 MB used.

Virtual space:
  Non-class space:      128.00 MB reserved,     101.38 MB ( 79%) committed,  2 nodes.
      Class space:        1.00 GB reserved,      17.94 MB (  2%) committed,  1 nodes.
             Both:        1.12 GB reserved,     119.31 MB ( 10%) committed. 

Chunk freelists:
   Non-Class:  10.55 MB
       Class:  14.11 MB
        Both:  24.66 MB

MaxMetaspaceSize: unlimited
CompressedClassSpaceSize: 1.00 GB
Initial GC threshold: 21.00 MB
Current GC threshold: 184.31 MB
CDS: on
 - commit_granule_bytes: 65536.
 - commit_granule_words: 8192.
 - virtual_space_node_default_size: 8388608.
 - enlarge_chunks_in_place: 1.
 - use_allocation_guard: 0.


Internal statistics:

num_allocs_failed_limit: 9.
num_arena_births: 4388.
num_arena_deaths: 18.
num_vsnodes_births: 3.
num_vsnodes_deaths: 0.
num_space_committed: 1907.
num_space_uncommitted: 0.
num_chunks_returned_to_freelist: 36.
num_chunks_taken_from_freelist: 9418.
num_chunk_merges: 18.
num_chunk_splits: 6408.
num_chunks_enlarged: 4311.
num_inconsistent_stats: 0.

CodeHeap 'non-profiled nmethods': size=120064Kb used=6462Kb max_used=6462Kb free=113601Kb
 bounds [0x000001d998a50000, 0x000001d9990a0000, 0x000001d99ff90000]
CodeHeap 'profiled nmethods': size=120000Kb used=31865Kb max_used=31865Kb free=88134Kb
 bounds [0x000001d990f90000, 0x000001d992eb0000, 0x000001d9984c0000]
CodeHeap 'non-nmethods': size=5696Kb used=2416Kb max_used=2487Kb free=3279Kb
 bounds [0x000001d9984c0000, 0x000001d998750000, 0x000001d998a50000]
CodeCache: size=245760Kb, used=40743Kb, max_used=40814Kb, free=205014Kb
 total_blobs=19243, nmethods=18316, adapters=829, full_count=0
Compilation: enabled, stopped_count=0, restarted_count=0

Compilation events (20 events):
Event: 42.641 Thread 0x000001d9a7e2ec50 21382       2       com.android.tools.r8.internal.b30::b (147 bytes)
Event: 42.642 Thread 0x000001d9a7e2ec50 nmethod 21382 0x000001d992eaaa88 code [0x000001d992eaac00, 0x000001d992eab380]
Event: 42.642 Thread 0x000001d9a7e2ec50 21383       2       com.android.tools.r8.internal.b30::b (37 bytes)
Event: 42.643 Thread 0x000001d9a7e2ec50 nmethod 21383 0x000001d992eab408 code [0x000001d992eab540, 0x000001d992eab768]
Event: 42.677 Thread 0x000001d9a7e2ec50 21385       3       java.util.TimSort::ensureCapacity (77 bytes)
Event: 42.678 Thread 0x000001d9a7e2ec50 nmethod 21385 0x000001d992eab788 code [0x000001d992eab900, 0x000001d992eabe98]
Event: 42.694 Thread 0x000001d9a7e2ec50 21386       1       com.android.tools.r8.internal.pS::C (2 bytes)
Event: 42.694 Thread 0x000001d9a7e2ec50 nmethod 21386 0x000001d99909f888 code [0x000001d99909f9a0, 0x000001d99909fa68]
Event: 42.723 Thread 0x000001d9a7e2ec50 21389       3       com.android.tools.r8.internal.TB::b (68 bytes)
Event: 42.724 Thread 0x000001d9a7e2ec50 nmethod 21389 0x000001d992eabf08 code [0x000001d992eac0e0, 0x000001d992eacb60]
Event: 42.725 Thread 0x000001d9a7e2ec50 21390       3       com.android.tools.r8.dex.code.a1::<init> (79 bytes)
Event: 42.725 Thread 0x000001d9a7e2ec50 nmethod 21390 0x000001d992eacc88 code [0x000001d992eacdc0, 0x000001d992ead078]
Event: 42.732 Thread 0x000001d9a7e2ec50 21391       3       com.android.tools.r8.internal.u9$$Lambda/0x000001d9aa157968::apply (12 bytes)
Event: 42.732 Thread 0x000001d9a7e2ec50 nmethod 21391 0x000001d992ead108 code [0x000001d992ead240, 0x000001d992ead570]
Event: 42.732 Thread 0x000001d9a7e2ec50 21392       3       com.android.tools.r8.internal.u9::a (24 bytes)
Event: 42.732 Thread 0x000001d9a7e2ec50 nmethod 21392 0x000001d992ead608 code [0x000001d992ead740, 0x000001d992ead9f8]
Event: 42.733 Thread 0x000001d9a7e2ec50 21393       3       com.android.tools.r8.internal.u9::a (35 bytes)
Event: 42.733 Thread 0x000001d9a7e2ec50 nmethod 21393 0x000001d992eada88 code [0x000001d992eadbc0, 0x000001d992eade18]
Event: 42.733 Thread 0x000001d9a7e2ec50 21394       3       com.android.tools.r8.internal.Kt::b (103 bytes)
Event: 42.734 Thread 0x000001d9a7e2ec50 nmethod 21394 0x000001d992eade88 code [0x000001d992eae020, 0x000001d992eae420]

GC Heap History (20 events):
Event: 32.879 GC heap after
{Heap after GC invocations=59 (full 0):
 garbage-first heap   total reserved 4194304K, committed 915456K, used 486038K [0x0000000700000000, 0x0000000800000000)
  region size 2048K, 12 young (24576K), 12 survivors (24576K)
 Metaspace       used 118647K, committed 121088K, reserved 1179648K
  class space    used 17134K, committed 18304K, reserved 1048576K
}
Event: 33.570 GC heap before
{Heap before GC invocations=59 (full 0):
 garbage-first heap   total reserved 4194304K, committed 915456K, used 778902K [0x0000000700000000, 0x0000000800000000)
  region size 2048K, 156 young (319488K), 12 survivors (24576K)
 Metaspace       used 119028K, committed 121536K, reserved 1179648K
  class space    used 17139K, committed 18304K, reserved 1048576K
}
Event: 33.606 GC heap after
{Heap after GC invocations=60 (full 0):
 garbage-first heap   total reserved 4194304K, committed 1193984K, used 504868K [0x0000000700000000, 0x0000000800000000)
  region size 2048K, 10 young (20480K), 10 survivors (20480K)
 Metaspace       used 119028K, committed 121536K, reserved 1179648K
  class space    used 17139K, committed 18304K, reserved 1048576K
}
Event: 35.159 GC heap before
{Heap before GC invocations=60 (full 0):
 garbage-first heap   total reserved 4194304K, committed 1193984K, used 984100K [0x0000000700000000, 0x0000000800000000)
  region size 2048K, 245 young (501760K), 10 survivors (20480K)
 Metaspace       used 119212K, committed 121664K, reserved 1179648K
  class space    used 17143K, committed 18304K, reserved 1048576K
}
Event: 35.188 GC heap after
{Heap after GC invocations=61 (full 0):
 garbage-first heap   total reserved 4194304K, committed 1193984K, used 516032K [0x0000000700000000, 0x0000000800000000)
  region size 2048K, 15 young (30720K), 15 survivors (30720K)
 Metaspace       used 119212K, committed 121664K, reserved 1179648K
  class space    used 17143K, committed 18304K, reserved 1048576K
}
Event: 35.863 GC heap before
{Heap before GC invocations=61 (full 0):
 garbage-first heap   total reserved 4194304K, committed 1193984K, used 964544K [0x0000000700000000, 0x0000000800000000)
  region size 2048K, 235 young (481280K), 15 survivors (30720K)
 Metaspace       used 119238K, committed 121728K, reserved 1179648K
  class space    used 17144K, committed 18304K, reserved 1048576K
}
Event: 35.910 GC heap after
{Heap after GC invocations=62 (full 0):
 garbage-first heap   total reserved 4194304K, committed 1193984K, used 540608K [0x0000000700000000, 0x0000000800000000)
  region size 2048K, 27 young (55296K), 27 survivors (55296K)
 Metaspace       used 119238K, committed 121728K, reserved 1179648K
  class space    used 17144K, committed 18304K, reserved 1048576K
}
Event: 36.565 GC heap before
{Heap before GC invocations=62 (full 0):
 garbage-first heap   total reserved 4194304K, committed 1193984K, used 1007552K [0x0000000700000000, 0x0000000800000000)
  region size 2048K, 256 young (524288K), 27 survivors (55296K)
 Metaspace       used 119258K, committed 121728K, reserved 1179648K
  class space    used 17144K, committed 18304K, reserved 1048576K
}
Event: 36.636 GC heap after
{Heap after GC invocations=63 (full 0):
 garbage-first heap   total reserved 4194304K, committed 1193984K, used 568877K [0x0000000700000000, 0x0000000800000000)
  region size 2048K, 27 young (55296K), 27 survivors (55296K)
 Metaspace       used 119258K, committed 121728K, reserved 1179648K
  class space    used 17144K, committed 18304K, reserved 1048576K
}
Event: 37.500 GC heap before
{Heap before GC invocations=63 (full 0):
 garbage-first heap   total reserved 4194304K, committed 1193984K, used 1035821K [0x0000000700000000, 0x0000000800000000)
  region size 2048K, 255 young (522240K), 27 survivors (55296K)
 Metaspace       used 119511K, committed 122048K, reserved 1179648K
  class space    used 17150K, committed 18368K, reserved 1048576K
}
Event: 37.565 GC heap after
{Heap after GC invocations=64 (full 0):
 garbage-first heap   total reserved 4194304K, committed 1193984K, used 598536K [0x0000000700000000, 0x0000000800000000)
  region size 2048K, 28 young (57344K), 28 survivors (57344K)
 Metaspace       used 119511K, committed 122048K, reserved 1179648K
  class space    used 17150K, committed 18368K, reserved 1048576K
}
Event: 38.325 GC heap before
{Heap before GC invocations=64 (full 0):
 garbage-first heap   total reserved 4194304K, committed 1193984K, used 1059336K [0x0000000700000000, 0x0000000800000000)
  region size 2048K, 253 young (518144K), 28 survivors (57344K)
 Metaspace       used 119525K, committed 122048K, reserved 1179648K
  class space    used 17151K, committed 18368K, reserved 1048576K
}
Event: 38.397 GC heap after
{Heap after GC invocations=65 (full 0):
 garbage-first heap   total reserved 4194304K, committed 1400832K, used 628736K [0x0000000700000000, 0x0000000800000000)
  region size 2048K, 29 young (59392K), 29 survivors (59392K)
 Metaspace       used 119525K, committed 122048K, reserved 1179648K
  class space    used 17151K, committed 18368K, reserved 1048576K
}
Event: 39.546 GC heap before
{Heap before GC invocations=65 (full 0):
 garbage-first heap   total reserved 4194304K, committed 1400832K, used 1232896K [0x0000000700000000, 0x0000000800000000)
  region size 2048K, 324 young (663552K), 29 survivors (59392K)
 Metaspace       used 119561K, committed 122048K, reserved 1179648K
  class space    used 17155K, committed 18368K, reserved 1048576K
}
Event: 39.622 GC heap after
{Heap after GC invocations=66 (full 0):
 garbage-first heap   total reserved 4194304K, committed 1400832K, used 665485K [0x0000000700000000, 0x0000000800000000)
  region size 2048K, 33 young (67584K), 33 survivors (67584K)
 Metaspace       used 119561K, committed 122048K, reserved 1179648K
  class space    used 17155K, committed 18368K, reserved 1048576K
}
Event: 40.481 GC heap before
{Heap before GC invocations=66 (full 0):
 garbage-first heap   total reserved 4194304K, committed 1400832K, used 1208205K [0x0000000700000000, 0x0000000800000000)
  region size 2048K, 299 young (612352K), 33 survivors (67584K)
 Metaspace       used 119599K, committed 122112K, reserved 1179648K
  class space    used 17156K, committed 18368K, reserved 1048576K
}
Event: 40.570 GC heap after
{Heap after GC invocations=67 (full 0):
 garbage-first heap   total reserved 4194304K, committed 1400832K, used 705536K [0x0000000700000000, 0x0000000800000000)
  region size 2048K, 36 young (73728K), 36 survivors (73728K)
 Metaspace       used 119599K, committed 122112K, reserved 1179648K
  class space    used 17156K, committed 18368K, reserved 1048576K
}
Event: 41.646 GC heap before
{Heap before GC invocations=67 (full 0):
 garbage-first heap   total reserved 4194304K, committed 1400832K, used 1242112K [0x0000000700000000, 0x0000000800000000)
  region size 2048K, 299 young (612352K), 36 survivors (73728K)
 Metaspace       used 119623K, committed 122112K, reserved 1179648K
  class space    used 17159K, committed 18368K, reserved 1048576K
}
Event: 41.721 GC heap after
{Heap after GC invocations=68 (full 0):
 garbage-first heap   total reserved 4194304K, committed 1400832K, used 723658K [0x0000000700000000, 0x0000000800000000)
  region size 2048K, 28 young (57344K), 28 survivors (57344K)
 Metaspace       used 119623K, committed 122112K, reserved 1179648K
  class space    used 17159K, committed 18368K, reserved 1048576K
}
Event: 42.745 GC heap before
{Heap before GC invocations=68 (full 0):
 garbage-first heap   total reserved 4194304K, committed 1400832K, used 1266378K [0x0000000700000000, 0x0000000800000000)
  region size 2048K, 293 young (600064K), 28 survivors (57344K)
 Metaspace       used 119644K, committed 122176K, reserved 1179648K
  class space    used 17161K, committed 18368K, reserved 1048576K
}

Dll operation events (15 events):
Event: 0.008 Loaded shared library C:\Program Files\Java\jdk-23\bin\java.dll
Event: 0.033 Loaded shared library C:\Program Files\Java\jdk-23\bin\jsvml.dll
Event: 0.064 Loaded shared library C:\Program Files\Java\jdk-23\bin\zip.dll
Event: 0.066 Loaded shared library C:\Program Files\Java\jdk-23\bin\instrument.dll
Event: 0.069 Loaded shared library C:\Program Files\Java\jdk-23\bin\net.dll
Event: 0.070 Loaded shared library C:\Program Files\Java\jdk-23\bin\nio.dll
Event: 0.073 Loaded shared library C:\Program Files\Java\jdk-23\bin\zip.dll
Event: 0.222 Loaded shared library C:\Program Files\Java\jdk-23\bin\jimage.dll
Event: 0.274 Loaded shared library C:\Program Files\Java\jdk-23\bin\verify.dll
Event: 0.296 Loaded shared library C:\Users\DELL\.gradle\native\660c5614fbf4a5f2a75b1949f50a0caf5cd603558e7d8a26e50b933a0cfb79d1\windows-amd64\native-platform.dll
Event: 0.303 Loaded shared library C:\Users\DELL\.gradle\native\0.2.8\x86_64-windows-gnu\gradle-fileevents.dll
Event: 1.034 Loaded shared library C:\Program Files\Java\jdk-23\bin\management.dll
Event: 1.036 Loaded shared library C:\Program Files\Java\jdk-23\bin\management_ext.dll
Event: 1.141 Loaded shared library C:\Program Files\Java\jdk-23\bin\extnet.dll
Event: 1.350 Loaded shared library C:\Program Files\Java\jdk-23\bin\sunmscapi.dll

Deoptimization events (20 events):
Event: 42.587 Thread 0x000001d9ee2d6660 DEOPT PACKING pc=0x000001d9926a1630 sp=0x0000003c2a1f8400
Event: 42.587 Thread 0x000001d9ee2d6660 DEOPT UNPACKING pc=0x000001d9985184c2 sp=0x0000003c2a1f7c68 mode 0
Event: 42.606 Thread 0x000001d9ee2d6660 DEOPT PACKING pc=0x000001d9926a1c4c sp=0x0000003c2a1f8400
Event: 42.606 Thread 0x000001d9ee2d6660 DEOPT UNPACKING pc=0x000001d9985184c2 sp=0x0000003c2a1f7c70 mode 0
Event: 42.625 Thread 0x000001d9ee2d6660 DEOPT PACKING pc=0x000001d9926a1630 sp=0x0000003c2a1f8400
Event: 42.625 Thread 0x000001d9ee2d6660 DEOPT UNPACKING pc=0x000001d9985184c2 sp=0x0000003c2a1f7c68 mode 0
Event: 42.652 Thread 0x000001d9f2e8b7c0 DEOPT PACKING pc=0x000001d9926a1c26 sp=0x0000003c2aaf5790
Event: 42.652 Thread 0x000001d9f2e8b7c0 DEOPT UNPACKING pc=0x000001d9985184c2 sp=0x0000003c2aaf4ff0 mode 0
Event: 42.662 Thread 0x000001d9ee2d80a0 DEOPT PACKING pc=0x000001d9926a1c26 sp=0x0000003c29ef85b0
Event: 42.662 Thread 0x000001d9ee2d80a0 DEOPT UNPACKING pc=0x000001d9985184c2 sp=0x0000003c29ef7e10 mode 0
Event: 42.680 Thread 0x000001d9ee2d6660 DEOPT PACKING pc=0x000001d9926a1630 sp=0x0000003c2a1f8870
Event: 42.680 Thread 0x000001d9ee2d6660 DEOPT UNPACKING pc=0x000001d9985184c2 sp=0x0000003c2a1f80d8 mode 0
Event: 42.691 Thread 0x000001d9ee2d6660 DEOPT PACKING pc=0x000001d9926a1c4c sp=0x0000003c2a1f8400
Event: 42.691 Thread 0x000001d9ee2d6660 DEOPT UNPACKING pc=0x000001d9985184c2 sp=0x0000003c2a1f7c70 mode 0
Event: 42.706 Thread 0x000001d9ee2d80a0 DEOPT PACKING pc=0x000001d9926a1630 sp=0x0000003c29ef85b0
Event: 42.706 Thread 0x000001d9ee2d80a0 DEOPT UNPACKING pc=0x000001d9985184c2 sp=0x0000003c29ef7e18 mode 0
Event: 42.732 Thread 0x000001d9ee2d80a0 DEOPT PACKING pc=0x000001d9926a1c4c sp=0x0000003c29ef85b0
Event: 42.732 Thread 0x000001d9ee2d80a0 DEOPT UNPACKING pc=0x000001d9985184c2 sp=0x0000003c29ef7e20 mode 0
Event: 42.743 Thread 0x000001d9ee2d6660 DEOPT PACKING pc=0x000001d9926a1c26 sp=0x0000003c2a1f8400
Event: 42.744 Thread 0x000001d9ee2d6660 DEOPT UNPACKING pc=0x000001d9985184c2 sp=0x0000003c2a1f7c60 mode 0

Classes loaded (20 events):
Event: 28.789 Loading class java/util/IdentityHashMap$ValueIterator
Event: 28.790 Loading class java/util/IdentityHashMap$ValueIterator done
Event: 29.061 Loading class java/util/AbstractList$SubList
Event: 29.068 Loading class java/util/AbstractList$SubList done
Event: 29.068 Loading class java/util/AbstractList$SubList$1
Event: 29.068 Loading class java/util/AbstractList$SubList$1 done
Event: 29.092 Loading class java/nio/file/InvalidPathException
Event: 29.092 Loading class java/nio/file/InvalidPathException done
Event: 30.134 Loading class java/nio/ShortBuffer
Event: 30.138 Loading class java/nio/ShortBuffer done
Event: 30.197 Loading class java/nio/ByteBufferAsShortBufferL
Event: 30.198 Loading class java/nio/ByteBufferAsShortBufferL done
Event: 30.231 Loading class java/util/zip/Adler32
Event: 30.232 Loading class java/util/zip/Adler32 done
Event: 30.241 Loading class java/nio/file/Files$2
Event: 30.242 Loading class java/nio/file/Files$2 done
Event: 30.253 Loading class java/util/WeakHashMap$KeyIterator
Event: 30.254 Loading class java/util/WeakHashMap$HashIterator
Event: 30.254 Loading class java/util/WeakHashMap$HashIterator done
Event: 30.254 Loading class java/util/WeakHashMap$KeyIterator done

Classes unloaded (9 events):
Event: 27.658 Thread 0x000001d9a7dd5910 Unloading class 0x000001d9aa019c00 'java/lang/invoke/LambdaForm$DMH+0x000001d9aa019c00'
Event: 27.658 Thread 0x000001d9a7dd5910 Unloading class 0x000001d9aa019800 'java/lang/invoke/LambdaForm$DMH+0x000001d9aa019800'
Event: 27.658 Thread 0x000001d9a7dd5910 Unloading class 0x000001d9aa019000 'java/lang/invoke/LambdaForm$DMH+0x000001d9aa019000'
Event: 27.658 Thread 0x000001d9a7dd5910 Unloading class 0x000001d9aa018c00 'java/lang/invoke/LambdaForm$DMH+0x000001d9aa018c00'
Event: 27.658 Thread 0x000001d9a7dd5910 Unloading class 0x000001d9aa018800 'java/lang/invoke/LambdaForm$DMH+0x000001d9aa018800'
Event: 27.658 Thread 0x000001d9a7dd5910 Unloading class 0x000001d9aa018400 'java/lang/invoke/LambdaForm$DMH+0x000001d9aa018400'
Event: 27.658 Thread 0x000001d9a7dd5910 Unloading class 0x000001d9a9fc0400 'java/lang/invoke/LambdaForm$DMH+0x000001d9a9fc0400'
Event: 27.658 Thread 0x000001d9a7dd5910 Unloading class 0x000001d9a9fc0c00 'java/lang/invoke/LambdaForm$DMH+0x000001d9a9fc0c00'
Event: 27.658 Thread 0x000001d9a7dd5910 Unloading class 0x000001d9a9fc0800 'java/lang/invoke/LambdaForm$DMH+0x000001d9a9fc0800'

Classes redefined (0 events):
No events

Internal exceptions (20 events):
Event: 30.244 Thread 0x000001d9ee2d7a10 Exception <a 'sun/nio/fs/WindowsException'{0x000000072ca070e0}> (0x000000072ca070e0) 
thrown [s\open\src\hotspot\share\prims\jni.cpp, line 520]
Event: 30.255 Thread 0x000001d9ee2d7a10 Implicit null exception at 0x000001d998f6e255 to 0x000001d998f6ea68
Event: 30.267 Thread 0x000001d9ee2d7a10 Exception <a 'sun/nio/fs/WindowsException'{0x000000072c604c20}> (0x000000072c604c20) 
thrown [s\open\src\hotspot\share\prims\jni.cpp, line 520]
Event: 30.274 Thread 0x000001d9ee2d7a10 Exception <a 'java/io/FileNotFoundException'{0x000000072c7dfe48}> (0x000000072c7dfe48) 
thrown [s\open\src\hotspot\share\prims\jni.cpp, line 520]
Event: 30.288 Thread 0x000001d9ee2d7a10 Exception <a 'sun/nio/fs/WindowsException'{0x000000072c203d18}> (0x000000072c203d18) 
thrown [s\open\src\hotspot\share\prims\jni.cpp, line 520]
Event: 30.293 Thread 0x000001d9ee2d7a10 Exception <a 'java/io/FileNotFoundException'{0x000000072c20b190}> (0x000000072c20b190) 
thrown [s\open\src\hotspot\share\prims\jni.cpp, line 520]
Event: 30.362 Thread 0x000001d9ee2d7a10 Exception <a 'sun/nio/fs/WindowsException'{0x000000072b7168f8}> (0x000000072b7168f8) 
thrown [s\open\src\hotspot\share\prims\jni.cpp, line 520]
Event: 30.376 Thread 0x000001d9ee2d7a10 Exception <a 'sun/nio/fs/WindowsException'{0x000000072b4dbe08}> (0x000000072b4dbe08) 
thrown [s\open\src\hotspot\share\prims\jni.cpp, line 520]
Event: 30.381 Thread 0x000001d9ee2d7a10 Exception <a 'java/io/FileNotFoundException'{0x000000072b5e54f8}> (0x000000072b5e54f8) 
thrown [s\open\src\hotspot\share\prims\jni.cpp, line 520]
Event: 30.394 Thread 0x000001d9ee2d7a10 Exception <a 'sun/nio/fs/WindowsException'{0x000000072b307ab8}> (0x000000072b307ab8) 
thrown [s\open\src\hotspot\share\prims\jni.cpp, line 520]
Event: 30.399 Thread 0x000001d9ee2d7a10 Exception <a 'java/io/FileNotFoundException'{0x000000072b000490}> (0x000000072b000490) 
thrown [s\open\src\hotspot\share\prims\jni.cpp, line 520]
Event: 30.421 Thread 0x000001d9ee2d7a10 Exception <a 'sun/nio/fs/WindowsException'{0x000000072ad90b38}> (0x000000072ad90b38) 
thrown [s\open\src\hotspot\share\prims\jni.cpp, line 520]
Event: 30.433 Thread 0x000001d9ee2d7a10 Exception <a 'sun/nio/fs/WindowsException'{0x000000072abef068}> (0x000000072abef068) 
thrown [s\open\src\hotspot\share\prims\jni.cpp, line 520]
Event: 30.437 Thread 0x000001d9ee2d7a10 Exception <a 'java/io/FileNotFoundException'{0x000000072a906b78}> (0x000000072a906b78) 
thrown [s\open\src\hotspot\share\prims\jni.cpp, line 520]
Event: 31.153 Thread 0x000001d9f2e8b7c0 Exception <a 'java/lang/NoSuchMethodError'{0x000000073172db58}: 'int java.lang.invoke.DirectMethodHandle$Holder.invokeInterface(java.lang.Object, java.lang.Object, int)'> (0x000000073172db58) 
thrown [s\open\src\hotspot\share\interpreter\linkResolver.cpp, line 796]
Event: 31.250 Thread 0x000001d9f2e8b7c0 Exception <a 'java/lang/IncompatibleClassChangeError'{0x000000072fafd328}: Found class java.lang.Object, but interface was expected> (0x000000072fafd328) 
thrown [s\open\src\hotspot\share\interpreter\linkResolver.cpp, line 863]
Event: 31.265 Thread 0x000001d9f2e8b7c0 Exception <a 'java/lang/NoSuchMethodError'{0x000000072fb10eb8}: 'void java.lang.invoke.DirectMethodHandle$Holder.invokeSpecialIFC(java.lang.Object, java.lang.Object, java.lang.Object, java.lang.Object)'> (0x000000072fb10eb8) 
thrown [s\open\src\hotspot\share\interpreter\linkResolver.cpp, line 796]
Event: 37.245 Thread 0x000001d9ee2d8dc0 Exception <a 'sun/nio/fs/WindowsException'{0x0000000736c8cb50}> (0x0000000736c8cb50) 
thrown [s\open\src\hotspot\share\prims\jni.cpp, line 520]
Event: 37.303 Thread 0x000001d9ee2d8dc0 Exception <a 'sun/nio/fs/WindowsException'{0x0000000736ca81b0}> (0x0000000736ca81b0) 
thrown [s\open\src\hotspot\share\prims\jni.cpp, line 520]
Event: 37.311 Thread 0x000001d9ee2d8dc0 Exception <a 'java/io/FileNotFoundException'{0x0000000736cb0d40}> (0x0000000736cb0d40) 
thrown [s\open\src\hotspot\share\prims\jni.cpp, line 520]

VM Operations (20 events):
Event: 33.606 Executing VM operation: G1CollectForAllocation (G1 Evacuation Pause) done
Event: 35.147 Executing VM operation: G1CollectForAllocation (G1 Evacuation Pause)
Event: 35.188 Executing VM operation: G1CollectForAllocation (G1 Evacuation Pause) done
Event: 35.863 Executing VM operation: G1CollectForAllocation (G1 Evacuation Pause)
Event: 35.911 Executing VM operation: G1CollectForAllocation (G1 Evacuation Pause) done
Event: 36.565 Executing VM operation: G1CollectForAllocation (G1 Evacuation Pause)
Event: 36.636 Executing VM operation: G1CollectForAllocation (G1 Evacuation Pause) done
Event: 36.745 Executing VM operation: HandshakeAllThreads (Deoptimize)
Event: 36.747 Executing VM operation: HandshakeAllThreads (Deoptimize) done
Event: 37.500 Executing VM operation: G1CollectForAllocation (G1 Evacuation Pause)
Event: 37.565 Executing VM operation: G1CollectForAllocation (G1 Evacuation Pause) done
Event: 38.325 Executing VM operation: G1CollectForAllocation (G1 Evacuation Pause)
Event: 38.398 Executing VM operation: G1CollectForAllocation (G1 Evacuation Pause) done
Event: 39.546 Executing VM operation: G1CollectForAllocation (G1 Evacuation Pause)
Event: 39.622 Executing VM operation: G1CollectForAllocation (G1 Evacuation Pause) done
Event: 40.481 Executing VM operation: G1CollectForAllocation (G1 Evacuation Pause)
Event: 40.570 Executing VM operation: G1CollectForAllocation (G1 Evacuation Pause) done
Event: 41.646 Executing VM operation: G1CollectForAllocation (G1 Evacuation Pause)
Event: 41.721 Executing VM operation: G1CollectForAllocation (G1 Evacuation Pause) done
Event: 42.745 Executing VM operation: G1CollectForAllocation (G1 Evacuation Pause)

Memory protections (0 events):
No events

Nmethod flushes (20 events):
Event: 27.688 Thread 0x000001d9a7dd5910 flushing  nmethod 0x000001d991845008
Event: 27.688 Thread 0x000001d9a7dd5910 flushing  nmethod 0x000001d9918d8d88
Event: 27.688 Thread 0x000001d9a7dd5910 flushing  nmethod 0x000001d99196a488
Event: 27.688 Thread 0x000001d9a7dd5910 flushing  nmethod 0x000001d991a36e88
Event: 27.688 Thread 0x000001d9a7dd5910 flushing  nmethod 0x000001d991a59f88
Event: 27.688 Thread 0x000001d9a7dd5910 flushing  nmethod 0x000001d991e5f088
Event: 27.688 Thread 0x000001d9a7dd5910 flushing  nmethod 0x000001d998afa408
Event: 27.688 Thread 0x000001d9a7dd5910 flushing  nmethod 0x000001d998b98608
Event: 27.688 Thread 0x000001d9a7dd5910 flushing  nmethod 0x000001d99105d908
Event: 27.688 Thread 0x000001d9a7dd5910 flushing  nmethod 0x000001d99113ee88
Event: 27.688 Thread 0x000001d9a7dd5910 flushing  nmethod 0x000001d991351d88
Event: 27.688 Thread 0x000001d9a7dd5910 flushing  nmethod 0x000001d9915ef808
Event: 27.688 Thread 0x000001d9a7dd5910 flushing  nmethod 0x000001d99161fc08
Event: 27.688 Thread 0x000001d9a7dd5910 flushing  nmethod 0x000001d991786308
Event: 27.688 Thread 0x000001d9a7dd5910 flushing  nmethod 0x000001d9917e2408
Event: 27.688 Thread 0x000001d9a7dd5910 flushing  nmethod 0x000001d99193c208
Event: 27.688 Thread 0x000001d9a7dd5910 flushing  nmethod 0x000001d9919d9a08
Event: 27.688 Thread 0x000001d9a7dd5910 flushing  nmethod 0x000001d991a8c008
Event: 27.688 Thread 0x000001d9a7dd5910 flushing  nmethod 0x000001d991e13b08
Event: 27.688 Thread 0x000001d9a7dd5910 flushing  nmethod 0x000001d991f26788

Events (20 events):
Event: 6.969 Thread 0x000001d9ef9b0940 Thread added: 0x000001d9ee2d8730
Event: 7.291 Thread 0x000001d9ef9b0940 Thread added: 0x000001d9ed103ab0
Event: 9.229 Thread 0x000001d9ef9b0940 Thread added: 0x000001d9ed103420
Event: 9.322 Thread 0x000001d9f155d010 Thread exited: 0x000001d9f155d010
Event: 9.997 Thread 0x000001d9ef9b0940 Thread added: 0x000001d9ed102070
Event: 11.738 Thread 0x000001d9ef9b0940 Thread added: 0x000001d9ed102700
Event: 17.014 Thread 0x000001d9ef9b0940 Thread added: 0x000001d9f4788070
Event: 17.028 Thread 0x000001d9f4788070 Thread added: 0x000001d9f4788700
Event: 17.028 Thread 0x000001d9f4788070 Thread added: 0x000001d9f4785fa0
Event: 17.028 Thread 0x000001d9f4788070 Thread added: 0x000001d9f2e8c4e0
Event: 17.028 Thread 0x000001d9f4788070 Thread added: 0x000001d9f2e8b7c0
Event: 17.028 Thread 0x000001d9f4788070 Thread added: 0x000001d9f2e8be50
Event: 17.028 Thread 0x000001d9f4788070 Thread added: 0x000001d9f2e89d80
Event: 17.029 Thread 0x000001d9f4788070 Thread added: 0x000001d9f2e8aaa0
Event: 17.060 Thread 0x000001d9f4788700 Thread added: 0x000001d9f2e896f0
Event: 18.715 Thread 0x000001d9f2e8aaa0 Thread added: 0x000001d9f38a7aa0
Event: 19.707 Thread 0x000001d9ee2d6660 Thread added: 0x000001d9f38a94e0
Event: 20.534 Thread 0x000001d9ee2d6660 Thread added: 0x000001d9f38acff0
Event: 20.534 Thread 0x000001d9ee2d6660 Thread added: 0x000001d9f38aa200
Event: 21.665 Thread 0x000001d9f2e8aaa0 Thread added: 0x000001d9f38aa890


Dynamic libraries:
0x00007ff732af0000 - 0x00007ff732b00000 	C:\Program Files\Java\jdk-23\bin\java.exe
0x00007ffce0b00000 - 0x00007ffce0d66000 	C:\WINDOWS\SYSTEM32\ntdll.dll
0x00007ffcdf5e0000 - 0x00007ffcdf6a9000 	C:\WINDOWS\System32\KERNEL32.DLL
0x00007ffcddf00000 - 0x00007ffcde2ff000 	C:\WINDOWS\System32\KERNELBASE.dll
0x00007ffcde4d0000 - 0x00007ffcde61c000 	C:\WINDOWS\System32\ucrtbase.dll
0x00007ffcc2640000 - 0x00007ffcc265b000 	C:\Program Files\Java\jdk-23\bin\VCRUNTIME140.dll
0x00007ffcd10c0000 - 0x00007ffcd10d7000 	C:\Program Files\Java\jdk-23\bin\jli.dll
0x00007ffcde830000 - 0x00007ffcde9f6000 	C:\WINDOWS\System32\USER32.dll
0x00007ffcde4a0000 - 0x00007ffcde4c7000 	C:\WINDOWS\System32\win32u.dll
0x00007ffcdcf20000 - 0x00007ffcdd1b1000 	C:\WINDOWS\WinSxS\amd64_microsoft.windows.common-controls_6595b64144ccf1df_6.0.26100.8972_none_3e0da176e32f9d4b\COMCTL32.dll
0x00007ffcdf580000 - 0x00007ffcdf5ab000 	C:\WINDOWS\System32\GDI32.dll
0x00007ffcdf8c0000 - 0x00007ffcdf969000 	C:\WINDOWS\System32\msvcrt.dll
0x00007ffcdddd0000 - 0x00007ffcddef9000 	C:\WINDOWS\System32\gdi32full.dll
0x00007ffcde630000 - 0x00007ffcde6d3000 	C:\WINDOWS\System32\msvcp_win.dll
0x00007ffcdf210000 - 0x00007ffcdf242000 	C:\WINDOWS\System32\IMM32.DLL
0x00007ffcc2210000 - 0x00007ffcc221c000 	C:\Program Files\Java\jdk-23\bin\vcruntime140_1.dll
0x00007ffcc2180000 - 0x00007ffcc220e000 	C:\Program Files\Java\jdk-23\bin\msvcp140.dll
0x00007ffc58d40000 - 0x00007ffc59a8f000 	C:\Program Files\Java\jdk-23\bin\server\jvm.dll
0x00007ffcdf760000 - 0x00007ffcdf81c000 	C:\WINDOWS\System32\ADVAPI32.dll
0x00007ffcdf6b0000 - 0x00007ffcdf75a000 	C:\WINDOWS\System32\sechost.dll
0x00007ffcdf350000 - 0x00007ffcdf468000 	C:\WINDOWS\System32\RPCRT4.dll
0x00007ffcded80000 - 0x00007ffcdee02000 	C:\WINDOWS\System32\WS2_32.dll
0x00007ffcd1190000 - 0x00007ffcd11c6000 	C:\WINDOWS\SYSTEM32\WINMM.dll
0x00007ffcddb90000 - 0x00007ffcddbee000 	C:\WINDOWS\SYSTEM32\POWRPROF.dll
0x00007ffcdc310000 - 0x00007ffcdc31b000 	C:\WINDOWS\SYSTEM32\VERSION.dll
0x00007ffcddb70000 - 0x00007ffcddb85000 	C:\WINDOWS\SYSTEM32\UMPDC.dll
0x00007ffcdc450000 - 0x00007ffcdc46b000 	C:\WINDOWS\SYSTEM32\kernel.appcore.dll
0x00007ffcc2170000 - 0x00007ffcc217a000 	C:\Program Files\Java\jdk-23\bin\jimage.dll
0x00007ffcdd5c0000 - 0x00007ffcdd802000 	C:\WINDOWS\SYSTEM32\DBGHELP.DLL
0x00007ffcdee80000 - 0x00007ffcdf205000 	C:\WINDOWS\System32\combase.dll
0x00007ffcdea00000 - 0x00007ffcdead9000 	C:\WINDOWS\System32\OLEAUT32.dll
0x00007ffcdd390000 - 0x00007ffcdd3cb000 	C:\WINDOWS\SYSTEM32\dbgcore.DLL
0x00007ffcde6e0000 - 0x00007ffcde78c000 	C:\WINDOWS\System32\bcryptPrimitives.dll
0x00007ffcc2160000 - 0x00007ffcc216f000 	C:\Program Files\Java\jdk-23\bin\instrument.dll
0x00007ffcc1ac0000 - 0x00007ffcc1ade000 	C:\Program Files\Java\jdk-23\bin\java.dll
0x00007ffcdfb10000 - 0x00007ffcdfca9000 	C:\WINDOWS\System32\ole32.dll
0x00007ffcdfe20000 - 0x00007ffce05a8000 	C:\WINDOWS\System32\SHELL32.dll
0x00007ffcda610000 - 0x00007ffcdaeab000 	C:\WINDOWS\SYSTEM32\windows.storage.dll
0x00007ffcdfcb0000 - 0x00007ffcdfda9000 	C:\WINDOWS\System32\SHCORE.dll
0x00007ffce05b0000 - 0x00007ffce0616000 	C:\WINDOWS\System32\shlwapi.dll
0x00007ffcddc30000 - 0x00007ffcddc59000 	C:\WINDOWS\SYSTEM32\profapi.dll
0x00007ffca8ba0000 - 0x00007ffca8c77000 	C:\Program Files\Java\jdk-23\bin\jsvml.dll
0x00007ffcbfa10000 - 0x00007ffcbfa27000 	C:\Program Files\Java\jdk-23\bin\zip.dll
0x00007ffcc1dd0000 - 0x00007ffcc1de0000 	C:\Program Files\Java\jdk-23\bin\net.dll
0x00007ffcdbe70000 - 0x00007ffcdbedc000 	C:\WINDOWS\system32\mswsock.dll
0x00007ffcbcd40000 - 0x00007ffcbcd56000 	C:\Program Files\Java\jdk-23\bin\nio.dll
0x00007ffcb5f90000 - 0x00007ffcb5fa0000 	C:\Program Files\Java\jdk-23\bin\verify.dll
0x00007ffcb5fa0000 - 0x00007ffcb5fc7000 	C:\Users\DELL\.gradle\native\660c5614fbf4a5f2a75b1949f50a0caf5cd603558e7d8a26e50b933a0cfb79d1\windows-amd64\native-platform.dll
0x00007ffc99d70000 - 0x00007ffc99de7000 	C:\Users\DELL\.gradle\native\0.2.8\x86_64-windows-gnu\gradle-fileevents.dll
0x00007ffcc1ab0000 - 0x00007ffcc1aba000 	C:\Program Files\Java\jdk-23\bin\management.dll
0x00007ffcbcd30000 - 0x00007ffcbcd3b000 	C:\Program Files\Java\jdk-23\bin\management_ext.dll
0x00007ffce0ab0000 - 0x00007ffce0ab8000 	C:\WINDOWS\System32\PSAPI.DLL
0x00007ffcdb380000 - 0x00007ffcdb3b3000 	C:\WINDOWS\SYSTEM32\IPHLPAPI.DLL
0x00007ffcdfe10000 - 0x00007ffcdfe1a000 	C:\WINDOWS\System32\NSI.dll
0x00007ffcb5f80000 - 0x00007ffcb5f89000 	C:\Program Files\Java\jdk-23\bin\extnet.dll
0x00007ffcdd810000 - 0x00007ffcdd82b000 	C:\WINDOWS\SYSTEM32\CRYPTSP.dll
0x00007ffcdc280000 - 0x00007ffcdc2b9000 	C:\WINDOWS\system32\rsaenh.dll
0x00007ffcdbef0000 - 0x00007ffcdbf22000 	C:\WINDOWS\SYSTEM32\USERENV.dll
0x00007ffcddc00000 - 0x00007ffcddc2a000 	C:\WINDOWS\SYSTEM32\bcrypt.dll
0x00007ffcdc260000 - 0x00007ffcdc26c000 	C:\WINDOWS\SYSTEM32\CRYPTBASE.dll
0x00007ffcb5320000 - 0x00007ffcb532e000 	C:\Program Files\Java\jdk-23\bin\sunmscapi.dll
0x00007ffcde310000 - 0x00007ffcde48e000 	C:\WINDOWS\System32\CRYPT32.dll
0x00007ffcdcd60000 - 0x00007ffcdcd90000 	C:\WINDOWS\SYSTEM32\ncrypt.dll
0x00007ffcdcd10000 - 0x00007ffcdcd4f000 	C:\WINDOWS\SYSTEM32\NTASN1.dll
0x00007ffcc1d60000 - 0x00007ffcc1d68000 	C:\WINDOWS\system32\wshunix.dll
0x00007ffcb62c0000 - 0x00007ffcb62d8000 	C:\WINDOWS\system32\napinsp.dll
0x00007ffcdb410000 - 0x00007ffcdb568000 	C:\WINDOWS\SYSTEM32\DNSAPI.dll
0x00007ffcdbc70000 - 0x00007ffcdbc7d000 	C:\WINDOWS\SYSTEM32\DSPARSE.dll
0x00007ffcb5950000 - 0x00007ffcb5963000 	C:\WINDOWS\System32\winrnr.dll
0x00007ffcb58c0000 - 0x00007ffcb58e2000 	C:\WINDOWS\system32\nlansp_c.dll
0x00007ffcc1980000 - 0x00007ffcc1996000 	C:\WINDOWS\system32\wshbth.dll
0x00007ffcd1090000 - 0x00007ffcd109b000 	C:\Windows\System32\rasadhlp.dll
0x00007ffcd4760000 - 0x00007ffcd47e6000 	C:\WINDOWS\System32\fwpuclnt.dll
0x00007ffcd9af0000 - 0x00007ffcd9b8f000 	C:\WINDOWS\system32\apphelp.dll

dbghelp: loaded successfully - version: 4.0.5 - missing functions: none
symbol engine: initialized successfully - sym options: 0x614 - pdb path: .;C:\Program Files\Java\jdk-23\bin;C:\WINDOWS\SYSTEM32;C:\WINDOWS\WinSxS\amd64_microsoft.windows.common-controls_6595b64144ccf1df_6.0.26100.8972_none_3e0da176e32f9d4b;C:\Program Files\Java\jdk-23\bin\server;C:\Users\DELL\.gradle\native\660c5614fbf4a5f2a75b1949f50a0caf5cd603558e7d8a26e50b933a0cfb79d1\windows-amd64;C:\Users\DELL\.gradle\native\0.2.8\x86_64-windows-gnu

VM Arguments:
jvm_args: --add-opens=java.base/java.lang=ALL-UNNAMED --add-opens=java.base/java.lang.invoke=ALL-UNNAMED --add-opens=java.base/java.util=ALL-UNNAMED --add-opens=java.prefs/java.util.prefs=ALL-UNNAMED --add-exports=jdk.compiler/com.sun.tools.javac.api=ALL-UNNAMED --add-exports=jdk.compiler/com.sun.tools.javac.util=ALL-UNNAMED --add-opens=java.base/java.nio.charset=ALL-UNNAMED --add-opens=java.base/java.net=ALL-UNNAMED --add-opens=java.base/java.util.concurrent=ALL-UNNAMED --add-opens=java.base/java.util.concurrent.atomic=ALL-UNNAMED --add-opens=java.xml/javax.xml.namespace=ALL-UNNAMED --add-opens=java.base/java.time=ALL-UNNAMED -Xmx4096m -Dfile.encoding=UTF-8 -Duser.country=US -Duser.language=en -Duser.variant -javaagent:C:\ProgramData\chocolatey\lib\gradle\tools\gradle-9.7.0\lib\agents\gradle-instrumentation-agent-9.7.0.jar 
java_command: org.gradle.launcher.daemon.bootstrap.GradleDaemon 9.7.0
java_class_path (initial): C:\ProgramData\chocolatey\lib\gradle\tools\gradle-9.7.0\lib\gradle-daemon-server-9.7.0.jar
Launcher Type: SUN_STANDARD

[Global flags]
     intx CICompilerCount                          = 4                                         {product} {ergonomic}
     uint ConcGCThreads                            = 2                                         {product} {ergonomic}
     uint G1ConcRefinementThreads                  = 8                                         {product} {ergonomic}
   size_t G1HeapRegionSize                         = 2097152                                   {product} {ergonomic}
   size_t InitialHeapSize                          = 130023424                                 {product} {ergonomic}
   size_t MarkStackSize                            = 4194304                                   {product} {ergonomic}
   size_t MarkStackSizeMax                         = 536870912                                 {product} {ergonomic}
   size_t MaxHeapSize                              = 4294967296                                {product} {command line}
   size_t MaxNewSize                               = 2575302656                                {product} {ergonomic}
   size_t MinHeapDeltaBytes                        = 2097152                                   {product} {ergonomic}
   size_t MinHeapSize                              = 8388608                                   {product} {ergonomic}
    uintx NonNMethodCodeHeapSize                   = 5832704                                {pd product} {ergonomic}
    uintx NonProfiledCodeHeapSize                  = 122945536                              {pd product} {ergonomic}
    uintx ProfiledCodeHeapSize                     = 122880000                              {pd product} {ergonomic}
    uintx ReservedCodeCacheSize                    = 251658240                              {pd product} {ergonomic}
     bool SegmentedCodeCache                       = true                                      {product} {ergonomic}
   size_t SoftMaxHeapSize                          = 4294967296                             {manageable} {ergonomic}
     bool UseCompressedOops                        = true                           {product lp64_product} {ergonomic}
     bool UseG1GC                                  = true                                      {product} {ergonomic}
     bool UseLargePagesIndividualAllocation        = false                                  {pd product} {ergonomic}

Logging:
Log output configuration:
 #0: stdout all=warning uptime,level,tags foldmultilines=false
 #1: stderr all=off uptime,level,tags foldmultilines=false

Environment Variables:
JAVA_HOME=C:\Program Files\Java\jdk-23
PATH=C:\Program Files\PowerShell\7;C:\Python314\Scripts\;C:\Python314\;C:\Program Files\Common Files\Oracle\Java\javapath;C:\msys64\ucrt64\bin\Scripts\;C:\msys64\ucrt64\bin\;C:\WINDOWS\system32;C:\WINDOWS;C:\WINDOWS\System32\Wbem;C:\WINDOWS\System32\WindowsPowerShell\v1.0\;C:\WINDOWS\System32\OpenSSH\;C:\Program Files\Microsoft SQL Server\Client SDK\ODBC\170\Tools\Binn\;C:\Program Files\dotnet\;C:\Program Files\Apache\Maven\apache-maven-3.9.9\bin;C:\Program Files\MongoDB\Server\8.0\bin;C:\Program Files\MongoDB\Tools\100\bin;C:\Users\DELL\AppData\Local\Programs\mongosh;C:\Program Files\cursor\resources\app\bin;C:\Program Files (x86)\Windows Kits\10\Windows Performance Toolkit\;C:\Program Files\Cloudflare\Cloudflare WARP\;C:\Program Files\CMake\bin;C:\ProgramData\chocolatey\bin;C:\Program Files\nodejs\;C:\Program Files\Neovim\bin;C:\Program Files\Docker\Docker\resources\bin;C:\Program Files (x86)\cloudflared\;C:\Program Files\PowerShell\7\;C:\Users\DELL\.local\bin;'C:\Users\DELL\AppData\Roaming\Python\Python314\Scripts;C:\Program Files\Git\cmd;C:\Users\DELL\.local\share\solana\install\active_release\bin;C:\Users\DELL\anaconda3;C:\Users\DELL\anaconda3\Library\mingw-w64\bin;C:\Users\DELL\anaconda3\Library\usr\bin;C:\Users\DELL\anaconda3\Library\bin;C:\Users\DELL\anaconda3\Scripts;C:\Users\DELL\AppData\Local\Programs\Python\Python310\Scripts\;C:\Users\DELL\AppData\Local\Programs\Python\Python310\;C:\Users\DELL\AppData\Local\Programs\Python\Launcher\;C:\Users\DELL\.cargo\bin;C:\Users\DELL\AppData\Local\Programs\VS code 2\bin;C:\flutter\bin;C:\Users\DELL\AppData\Local\Android\Sdk;C:\Users\DELL\AppData\Local\Android\Sdk\platform-tools;C:\Users\DELL\.dotnet\tools;C:\Program Files\Java\jdk-23\bin;C:\msys64\usr\bin;C:\msys64\ucrt64\bin;C:\Users\DELL\AppData\Local\Microsoft\WindowsApps;C:\Program Files\Apache\Maven\apache-maven-3.9.9\bin;C:\Program Files\JetBrains\IntelliJ IDEA Community Edition 2024.3.1.1\bin;C:\Program Files\MongoDB\Server\8.0\bin;C:\Program Files\MongoDB\Tools\100\bin;C:\Program Files\MongoDB\Server\8.0\bin;C:\Users\DELL\AppData\Local\Programs\mongosh;C:\Users\DELL\.lmstudio\bin;C:\Users\DELL\AppData\Local\Programs\Windsurf\bin;C:\Users\DELL\AppData\Local\Programs\Antigravity\bin;C:\Program Files\mitmproxy\bin;C:\Users\DELL\AppData\Local\SpacetimeDB;C:\Users\DELL\AppData\Roaming\npm;C:\Users\DELL\AppData\Local\Programs\cursor\resources\app\bin;C:\Users\DELL\AppData\Local\trapdoor;C:\Users\DELL\AppData\Local\Kiro-Cli\;C:\Users\DELL\AppData\Local\Programs\Devin\bin;C:\Users\DELL\AppData\Local\devin\cli\bin;C:\Users\DELL\.local\bin;'C:\Users\DELL\AppData\Roaming\Python\Python314\Scripts;C:\Users\DELL\AppData\Local\Programs\Antigravity IDE\bin
USERNAME=DELL
OS=Windows_NT
PROCESSOR_IDENTIFIER=Intel64 Family 6 Model 140 Stepping 1, GenuineIntel
TMP=C:\Users\DELL\AppData\Local\Temp
TEMP=C:\Users\DELL\AppData\Local\Temp




Periodic native trim disabled

---------------  S Y S T E M  ---------------

OS:
 Windows 11 , 64 bit Build 26100 (10.0.26100.9168)
OS uptime: 4 days 16:28 hours
Hyper-V role detected

CPU: total 8 (initial active 8) (4 cores per cpu, 2 threads per core) family 6 model 140 stepping 1 microcode 0xbe, cx8, cmov, fxsr, ht, mmx, 3dnowpref, sse, sse2, sse3, ssse3, sse4.1, sse4.2, popcnt, lzcnt, tsc, tscinvbit, avx, avx2, aes, erms, clmul, bmi1, bmi2, adx, avx512f, avx512dq, avx512cd, avx512bw, avx512vl, sha, fma, vzeroupper, avx512_vpopcntdq, avx512_vpclmulqdq, avx512_vaes, avx512_vnni, clflush, clflushopt, clwb, avx512_vbmi2, avx512_vbmi, hv, rdtscp, rdpid, fsrm, gfni, avx512_bitalg, f16c, cet_ibt, cet_ss, avx512_ifma
Processor Information for the first 8 processors :
  Max Mhz: 1498, Current Mhz: 1498, Mhz Limit: 1498

Memory: 4k page, system-wide physical 7914M (239M free)
TotalPageFile size 17000M (AvailPageFile size 164M)
current process WorkingSet (physical memory assigned to process): 1403M, peak: 1404M
current process commit charge ("private bytes"): 1859M, peak: 2045M

vm_info: Java HotSpot(TM) 64-Bit Server VM (23.0.1+11-39) for windows-amd64 JRE (23.0.1+11-39), built on 2024-09-30T07:20:43Z with MS VC++ 17.6 (VS2022)

END.
