#
# There is insufficient memory for the Java Runtime Environment to continue.
# Native memory allocation (mmap) failed to map 358612992 bytes. Error detail: G1 virtual space
# Possible reasons:
#   The system is out of physical RAM or swap space
#   This process is running with CompressedOops enabled, and the Java Heap may be blocking the growth of the native heap
# Possible solutions:
#   Reduce memory load on the system
#   Increase physical memory or swap space
#   Check if swap backing store is full
#   Decrease Java heap size (-Xmx/-Xms)
#   Decrease number of Java threads
#   Decrease Java thread stack sizes (-Xss)
#   Set larger code cache with -XX:ReservedCodeCacheSize=
#   JVM is running with Zero Based Compressed Oops mode in which the Java heap is
#     placed in the first 32GB address space. The Java Heap base address is the
#     maximum limit for the native heap growth. Please use -XX:HeapBaseMinAddress
#     to set the Java Heap base and to place the Java Heap above 32GB virtual address.
# This output file may be truncated or incomplete.
#
#  Out of Memory Error (os_windows.cpp:3703), pid=23472, tid=16476
#
# JRE version: Java(TM) SE Runtime Environment (23.0.1+11) (build 23.0.1+11-39)
# Java VM: Java HotSpot(TM) 64-Bit Server VM (23.0.1+11-39, mixed mode, sharing, tiered, compressed oops, compressed class ptrs, g1 gc, windows-amd64)
# No core dump will be written. Minidumps are not enabled by default on client versions of Windows
#

---------------  S U M M A R Y ------------

Command Line: --add-opens=java.base/java.lang=ALL-UNNAMED --add-opens=java.base/java.lang.invoke=ALL-UNNAMED --add-opens=java.base/java.util=ALL-UNNAMED --add-opens=java.prefs/java.util.prefs=ALL-UNNAMED --add-exports=jdk.compiler/com.sun.tools.javac.api=ALL-UNNAMED --add-exports=jdk.compiler/com.sun.tools.javac.util=ALL-UNNAMED --add-opens=java.base/java.nio.charset=ALL-UNNAMED --add-opens=java.base/java.net=ALL-UNNAMED --add-opens=java.base/java.util.concurrent=ALL-UNNAMED --add-opens=java.base/java.util.concurrent.atomic=ALL-UNNAMED --add-opens=java.xml/javax.xml.namespace=ALL-UNNAMED --add-opens=java.base/java.time=ALL-UNNAMED -Xmx3072m -Dfile.encoding=UTF-8 -Duser.country=US -Duser.language=en -Duser.variant -javaagent:C:\ProgramData\chocolatey\lib\gradle\tools\gradle-9.7.0\lib\agents\gradle-instrumentation-agent-9.7.0.jar org.gradle.launcher.daemon.bootstrap.GradleDaemon 9.7.0

Host: 11th Gen Intel(R) Core(TM) i5-1145G7 @ 2.60GHz, 8 cores, 7G,  Windows 11 , 64 bit Build 26100 (10.0.26100.9168)
Time: Sat Aug 22 17:25:20 2026 India Standard Time elapsed time: 83.019489 seconds (0d 0h 1m 23s)

---------------  T H R E A D  ---------------

Current thread (0x000001fbeb81f110):  VMThread "VM Thread"          [id=16476, stack(0x0000007265e00000,0x0000007265f00000) (1024K)]

Stack: [0x0000007265e00000,0x0000007265f00000]
Native frames: (J=compiled Java code, j=interpreted, Vv=VM code, C=native code)
V  [jvm.dll+0x6e08b9]  (no source info available)
V  [jvm.dll+0x87dc83]  (no source info available)
V  [jvm.dll+0x88010e]  (no source info available)
V  [jvm.dll+0x8807e3]  (no source info available)
V  [jvm.dll+0x27aee6]  (no source info available)
V  [jvm.dll+0x6dd1c5]  (no source info available)
V  [jvm.dll+0x6d104a]  (no source info available)
V  [jvm.dll+0x35b3ea]  (no source info available)
V  [jvm.dll+0x3637f6]  (no source info available)
V  [jvm.dll+0x34fd5e]  (no source info available)
V  [jvm.dll+0x34fff8]  (no source info available)
V  [jvm.dll+0x3289cc]  (no source info available)
V  [jvm.dll+0x328a5a]  (no source info available)
V  [jvm.dll+0x374c92]  (no source info available)
V  [jvm.dll+0x373392]  (no source info available)
V  [jvm.dll+0x3281a7]  (no source info available)
V  [jvm.dll+0x372b44]  (no source info available)
V  [jvm.dll+0x886720]  (no source info available)
V  [jvm.dll+0x887a47]  (no source info available)
V  [jvm.dll+0x887f78]  (no source info available)
V  [jvm.dll+0x888213]  (no source info available)
V  [jvm.dll+0x824f8b]  (no source info available)
V  [jvm.dll+0x6df065]  (no source info available)
C  [ucrtbase.dll+0x2cd30]  (no source info available)
C  [KERNEL32.DLL+0x2ccb7]  (no source info available)
C  [ntdll.dll+0xaad6c]  (no source info available)

VM_Operation (0x0000007269af5e30): G1CollectForAllocation, mode: safepoint, requested by thread 0x000001fbf21b9610


---------------  P R O C E S S  ---------------

Threads class SMR info:
_java_thread_list=0x000001fbed19ab70, length=61, elements={
0x000001fbcdbf49b0, 0x000001fbeb831730, 0x000001fbeb8361b0, 0x000001fbeb83ac30,
0x000001fbeb83c320, 0x000001fbeb83d6d0, 0x000001fbeb846270, 0x000001fbeb84c160,
0x000001fbeb84ce90, 0x000001fbc50feb50, 0x000001fbc5100c20, 0x000001fbc5100590,
0x000001fbc51012b0, 0x000001fbc5101fd0, 0x000001fbc77c2950, 0x000001fbc77c4a20,
0x000001fbc77c2fe0, 0x000001fbc77c4390, 0x000001fbc77c50b0, 0x000001fbc77c5740,
0x000001fbc77c22c0, 0x000001fbc77c5dd0, 0x000001fbc77c7180, 0x000001fbc77c3d00,
0x000001fbc77c6af0, 0x000001fbc77c7810, 0x000001fbc77c8bc0, 0x000001fbc77c9250,
0x000001fbc8516620, 0x000001fbc8517340, 0x000001fbc8518d80, 0x000001fbc85179d0,
0x000001fbc50fff00, 0x000001fbc51a0f30, 0x000001fbc519fb80, 0x000001fbc51a15c0,
0x000001fbc519e140, 0x000001fbc51a1c50, 0x000001fbc519e7d0, 0x000001fbc519ee60,
0x000001fbc51a50d0, 0x000001fbc51a3d20, 0x000001fbebec6bb0, 0x000001fbc8cbc9a0,
0x000001fbc8cbd030, 0x000001fbebeca6c0, 0x000001fbebec8c80, 0x000001fbc50ff870,
0x000001fbc851b4e0, 0x000001fbf21b7bd0, 0x000001fbf21b9610, 0x000001fbf21bb6e0,
0x000001fbebec5170, 0x000001fbf3ddc710, 0x000001fbf3dddac0, 0x000001fbf3ddc080,
0x000001fbf3dde150, 0x000001fbf3ddcda0, 0x000001fbf3ddf500, 0x000001fbf4281930,
0x000001fbf42826d0
}

Java Threads: ( => current thread )
  0x000001fbcdbf49b0 JavaThread "main"                              [_thread_blocked, id=5436, stack(0x0000007265700000,0x0000007265800000) (1024K)]
  0x000001fbeb831730 JavaThread "Reference Handler"          daemon [_thread_blocked, id=22076, stack(0x0000007265f00000,0x0000007266000000) (1024K)]
  0x000001fbeb8361b0 JavaThread "Finalizer"                  daemon [_thread_blocked, id=21932, stack(0x0000007266000000,0x0000007266100000) (1024K)]
  0x000001fbeb83ac30 JavaThread "Signal Dispatcher"          daemon [_thread_blocked, id=21688, stack(0x0000007266100000,0x0000007266200000) (1024K)]
  0x000001fbeb83c320 JavaThread "Attach Listener"            daemon [_thread_blocked, id=20520, stack(0x0000007266200000,0x0000007266300000) (1024K)]
  0x000001fbeb83d6d0 JavaThread "Service Thread"             daemon [_thread_blocked, id=22668, stack(0x0000007266300000,0x0000007266400000) (1024K)]
  0x000001fbeb846270 JavaThread "Monitor Deflation Thread"   daemon [_thread_blocked, id=7872, stack(0x0000007266400000,0x0000007266500000) (1024K)]
  0x000001fbeb84c160 JavaThread "C2 CompilerThread0"         daemon [_thread_blocked, id=5168, stack(0x0000007266500000,0x0000007266600000) (1024K)]
  0x000001fbeb84ce90 JavaThread "C1 CompilerThread0"         daemon [_thread_blocked, id=13032, stack(0x0000007266600000,0x0000007266700000) (1024K)]
  0x000001fbc50feb50 JavaThread "Common-Cleaner"             daemon [_thread_blocked, id=16992, stack(0x0000007266700000,0x0000007266800000) (1024K)]
  0x000001fbc5100c20 JavaThread "Notification Thread"        daemon [_thread_blocked, id=752, stack(0x0000007266900000,0x0000007266a00000) (1024K)]
  0x000001fbc5100590 JavaThread "Daemon health stats"               [_thread_blocked, id=19820, stack(0x0000007266f00000,0x0000007267000000) (1024K)]
  0x000001fbc51012b0 JavaThread "Incoming local TCP Connector on port 60886"        [_thread_in_native, id=5204, stack(0x0000007267000000,0x0000007267100000) (1024K)]
  0x000001fbc5101fd0 JavaThread "Daemon periodic checks"            [_thread_blocked, id=7676, stack(0x0000007267100000,0x0000007267200000) (1024K)]
  0x000001fbc77c2950 JavaThread "Daemon"                            [_thread_blocked, id=14876, stack(0x0000007267200000,0x0000007267300000) (1024K)]
  0x000001fbc77c4a20 JavaThread "Handler for socket connection from /127.0.0.1:60886 to /127.0.0.1:60887"        [_thread_in_native, id=19716, stack(0x0000007267300000,0x0000007267400000) (1024K)]
  0x000001fbc77c2fe0 JavaThread "Cancel handler"                    [_thread_blocked, id=6588, stack(0x0000007267400000,0x0000007267500000) (1024K)]
  0x000001fbc77c4390 JavaThread "Daemon worker"                     [_thread_blocked, id=11932, stack(0x0000007267500000,0x0000007267600000) (1024K)]
  0x000001fbc77c50b0 JavaThread "Asynchronous log dispatcher for DefaultDaemonConnection: socket connection from /127.0.0.1:60886 to /127.0.0.1:60887"        [_thread_blocked, id=20568, stack(0x0000007267600000,0x0000007267700000) (1024K)]
  0x000001fbc77c5740 JavaThread "Stdin handler"                     [_thread_blocked, id=10884, stack(0x0000007267700000,0x0000007267800000) (1024K)]
  0x000001fbc77c22c0 JavaThread "Daemon client event forwarder"        [_thread_blocked, id=19884, stack(0x0000007267800000,0x0000007267900000) (1024K)]
  0x000001fbc77c5dd0 JavaThread "Cache worker for journal cache (C:\Users\DELL\.gradle\caches\journal-1)"        [_thread_blocked, id=8124, stack(0x0000007267b00000,0x0000007267c00000) (1024K)]
  0x000001fbc77c7180 JavaThread "File lock request listener"        [_thread_in_native, id=23040, stack(0x0000007267c00000,0x0000007267d00000) (1024K)]
  0x000001fbc77c3d00 JavaThread "Cache worker for file hash cache (C:\Users\DELL\.gradle\caches\9.7.0\fileHashes)"        [_thread_blocked, id=11276, stack(0x0000007267d00000,0x0000007267e00000) (1024K)]
  0x000001fbc77c6af0 JavaThread "Cache worker for file hash cache (C:\Users\DELL\Desktop\NewsPulse-AI-project\android-app\.gradle\9.7.0\fileHashes)"        [_thread_blocked, id=1068, stack(0x0000007267f00000,0x0000007268000000) (1024K)]
  0x000001fbc77c7810 JavaThread "Cache worker for Build Output Cleanup Cache (C:\Users\DELL\Desktop\NewsPulse-AI-project\android-app\.gradle\buildOutputCleanup)"        [_thread_blocked, id=6244, stack(0x0000007268000000,0x0000007268100000) (1024K)]
  0x000001fbc77c8bc0 JavaThread "File watcher server"        daemon [_thread_blocked, id=6088, stack(0x0000007268100000,0x0000007268200000) (1024K)]
  0x000001fbc77c9250 JavaThread "File watcher consumer"      daemon [_thread_blocked, id=15684, stack(0x0000007268200000,0x0000007268300000) (1024K)]
  0x000001fbc8516620 JavaThread "Cache worker for file content cache (C:\Users\DELL\.gradle\caches\9.7.0\fileContent)"        [_thread_blocked, id=10012, stack(0x0000007268300000,0x0000007268400000) (1024K)]
  0x000001fbc8517340 JavaThread "Cache worker for checksums cache (C:\Users\DELL\Desktop\NewsPulse-AI-project\android-app\.gradle\9.7.0\checksums)"        [_thread_blocked, id=12948, stack(0x0000007268400000,0x0000007268500000) (1024K)]
  0x000001fbc8518d80 JavaThread "Cache worker for cache directory md-supplier (C:\Users\DELL\.gradle\caches\9.7.0\md-supplier)"        [_thread_blocked, id=19356, stack(0x0000007268500000,0x0000007268600000) (1024K)]
  0x000001fbc85179d0 JavaThread "Cache worker for cache directory md-rule (C:\Users\DELL\.gradle\caches\9.7.0\md-rule)"        [_thread_blocked, id=20112, stack(0x0000007268600000,0x0000007268700000) (1024K)]
  0x000001fbc50fff00 JavaThread "Build operations"                  [_thread_blocked, id=6908, stack(0x0000007268700000,0x0000007268800000) (1024K)]
  0x000001fbc51a0f30 JavaThread "Build operations Thread 2"         [_thread_blocked, id=23060, stack(0x0000007268800000,0x0000007268900000) (1024K)]
  0x000001fbc519fb80 JavaThread "Build operations Thread 3"         [_thread_blocked, id=3320, stack(0x0000007268900000,0x0000007268a00000) (1024K)]
  0x000001fbc51a15c0 JavaThread "Build operations Thread 4"         [_thread_blocked, id=4352, stack(0x0000007268a00000,0x0000007268b00000) (1024K)]
  0x000001fbc519e140 JavaThread "Build operations Thread 5"         [_thread_blocked, id=2844, stack(0x0000007268b00000,0x0000007268c00000) (1024K)]
  0x000001fbc51a1c50 JavaThread "Build operations Thread 6"         [_thread_blocked, id=1972, stack(0x0000007268c00000,0x0000007268d00000) (1024K)]
  0x000001fbc519e7d0 JavaThread "Build operations Thread 7"         [_thread_blocked, id=6236, stack(0x0000007268d00000,0x0000007268e00000) (1024K)]
  0x000001fbc519ee60 JavaThread "Build operations Thread 8"         [_thread_blocked, id=10748, stack(0x0000007268f00000,0x0000007269000000) (1024K)]
  0x000001fbc51a50d0 JavaThread "Problems report writer"            [_thread_blocked, id=20024, stack(0x0000007268e00000,0x0000007268f00000) (1024K)]
  0x000001fbc51a3d20 JavaThread "Memory manager"                    [_thread_blocked, id=21828, stack(0x0000007266800000,0x0000007266900000) (1024K)]
  0x000001fbebec6bb0 JavaThread "build event listener"              [_thread_blocked, id=6764, stack(0x0000007269200000,0x0000007269300000) (1024K)]
  0x000001fbc8cbc9a0 JavaThread "included builds"                   [_thread_blocked, id=10072, stack(0x0000007269300000,0x0000007269400000) (1024K)]
  0x000001fbc8cbd030 JavaThread "Execution worker"                  [_thread_blocked, id=1504, stack(0x0000007269400000,0x0000007269500000) (1024K)]
  0x000001fbebeca6c0 JavaThread "Execution worker Thread 2"         [_thread_blocked, id=19684, stack(0x0000007269500000,0x0000007269600000) (1024K)]
  0x000001fbebec8c80 JavaThread "Execution worker Thread 3"         [_thread_blocked, id=11840, stack(0x0000007269600000,0x0000007269700000) (1024K)]
  0x000001fbc50ff870 JavaThread "Execution worker Thread 4"         [_thread_blocked, id=23480, stack(0x0000007269700000,0x0000007269800000) (1024K)]
  0x000001fbc851b4e0 JavaThread "Execution worker Thread 5"         [_thread_blocked, id=7156, stack(0x0000007269800000,0x0000007269900000) (1024K)]
  0x000001fbf21b7bd0 JavaThread "Execution worker Thread 6"         [_thread_blocked, id=5160, stack(0x0000007269900000,0x0000007269a00000) (1024K)]
  0x000001fbf21b9610 JavaThread "Execution worker Thread 7"         [_thread_blocked, id=10152, stack(0x0000007269a00000,0x0000007269b00000) (1024K)]
  0x000001fbf21bb6e0 JavaThread "Cache worker for execution history cache (C:\Users\DELL\Desktop\NewsPulse-AI-project\android-app\.gradle\9.7.0\executionHistory)"        [_thread_blocked, id=17204, stack(0x0000007269b00000,0x0000007269c00000) (1024K)]
  0x000001fbebec5170 JavaThread "WorkerExecutor Queue"              [_thread_in_native, id=20728, stack(0x0000007269c00000,0x0000007269d00000) (1024K)]
  0x000001fbf3ddc710 JavaThread "RMI Scheduler(0)"           daemon [_thread_blocked, id=11888, stack(0x0000007269d00000,0x0000007269e00000) (1024K)]
  0x000001fbf3dddac0 JavaThread "RMI RenewClean-[127.0.0.1:17650,org.jetbrains.kotlin.daemon.common.LoopbackNetworkInterface$ClientLoopbackSocketFactory@49a01e1]" daemon [_thread_blocked, id=7720, stack(0x0000007269e00000,0x0000007269f00000) (1024K)]
  0x000001fbf3ddc080 JavaThread "RMI GC Daemon"              daemon [_thread_blocked, id=17884, stack(0x0000007269f00000,0x000000726a000000) (1024K)]
  0x000001fbf3dde150 JavaThread "RMI TCP Accept-0"           daemon [_thread_in_native, id=9196, stack(0x000000726a000000,0x000000726a100000) (1024K)]
  0x000001fbf3ddcda0 JavaThread "RMI Reaper"                        [_thread_blocked, id=18484, stack(0x000000726a100000,0x000000726a200000) (1024K)]
  0x000001fbf3ddf500 JavaThread "RMI TCP Connection(idle)"   daemon [_thread_blocked, id=3008, stack(0x000000726a200000,0x000000726a300000) (1024K)]
  0x000001fbf4281930 JavaThread "C2 CompilerThread1"         daemon [_thread_blocked, id=15792, stack(0x0000007269000000,0x0000007269100000) (1024K)]
  0x000001fbf42826d0 JavaThread "C2 CompilerThread2"         daemon [_thread_blocked, id=18988, stack(0x0000007269100000,0x0000007269200000) (1024K)]
Total: 61

Other Threads:
=>0x000001fbeb81f110 VMThread "VM Thread"                           [id=16476, stack(0x0000007265e00000,0x0000007265f00000) (1024K)]
  0x000001fbeb80a360 WatcherThread "VM Periodic Task Thread"        [id=12272, stack(0x0000007265d00000,0x0000007265e00000) (1024K)]
  0x000001fbcdc4a470 WorkerThread "GC Thread#0"                     [id=21308, stack(0x0000007265800000,0x0000007265900000) (1024K)]
  0x000001fbc5ff3690 WorkerThread "GC Thread#1"                     [id=21848, stack(0x0000007266a00000,0x0000007266b00000) (1024K)]
  0x000001fbc6012000 WorkerThread "GC Thread#2"                     [id=23416, stack(0x0000007266b00000,0x0000007266c00000) (1024K)]
  0x000001fbc60123b0 WorkerThread "GC Thread#3"                     [id=20944, stack(0x0000007266c00000,0x0000007266d00000) (1024K)]
  0x000001fbc612cbe0 WorkerThread "GC Thread#4"                     [id=18948, stack(0x0000007266d00000,0x0000007266e00000) (1024K)]
  0x000001fbc612cf90 WorkerThread "GC Thread#5"                     [id=3084, stack(0x0000007266e00000,0x0000007266f00000) (1024K)]
  0x000001fbc69743d0 WorkerThread "GC Thread#6"                     [id=14300, stack(0x0000007267900000,0x0000007267a00000) (1024K)]
  0x000001fbc69759f0 WorkerThread "GC Thread#7"                     [id=16820, stack(0x0000007267a00000,0x0000007267b00000) (1024K)]
  0x000001fbcdc5a3d0 ConcurrentGCThread "G1 Main Marker"            [id=16900, stack(0x0000007265900000,0x0000007265a00000) (1024K)]
  0x000001fbcdc5adf0 WorkerThread "G1 Conc#0"                       [id=21800, stack(0x0000007265a00000,0x0000007265b00000) (1024K)]
  0x000001fbc7b169d0 WorkerThread "G1 Conc#1"                       [id=19172, stack(0x0000007267e00000,0x0000007267f00000) (1024K)]
  0x000001fbcdca7020 ConcurrentGCThread "G1 Refine#0"               [id=3740, stack(0x0000007265b00000,0x0000007265c00000) (1024K)]
  0x000001fbcdca8860 ConcurrentGCThread "G1 Service"                [id=20136, stack(0x0000007265c00000,0x0000007265d00000) (1024K)]
Total: 15

Threads with active compile tasks:
C2 CompilerThread0  83182 25191       4       com.android.tools.r8.internal.Ot::a (180 bytes)
C2 CompilerThread1  83182 25190       4       com.android.tools.r8.ir.regalloc.b::a (166 bytes)
C2 CompilerThread2  83182 25141 %     4       com.android.tools.r8.ir.regalloc.b::a @ 51 (761 bytes)
Total: 3

VM state: at safepoint (normal execution)

VM Mutex/Monitor currently owned by a thread:  ([mutex/lock_event])
[0x00007ffc599b3910] Threads_lock - owner thread: 0x000001fbeb81f110
[0x00007ffc599b3a10] Heap_lock - owner thread: 0x000001fbf21b9610

Heap address: 0x0000000740000000, size: 3072 MB, Compressed Oops mode: Zero based, Oop shift amount: 3

CDS archive(s) mapped at: [0x000001fb80000000-0x000001fb80d70000-0x000001fb80d70000), size 14090240, SharedBaseAddress: 0x000001fb80000000, ArchiveRelocationMode: 1.
Compressed class space mapped at: 0x000001fb81000000-0x000001fbc1000000, reserved size: 1073741824
Narrow klass base: 0x000001fb80000000, Narrow klass shift: 0, Narrow klass range: 0x41000000

GC Precious Log:
 CardTable entry size: 512
 Card Set container configuration: InlinePtr #cards 4 size 8 Array Of Cards #cards 16 size 48 Howl #buckets 8 coarsen threshold 3686 Howl Bitmap #cards 512 size 80 coarsen threshold 460 Card regions per heap region 1 cards per card region 4096
 CPUs: 8 total, 8 available
 Memory: 7914M
 Large Page Support: Disabled
 NUMA Support: Disabled
 Compressed Oops: Enabled (Zero based)
 Heap Region Size: 2M
 Heap Min Capacity: 8M
 Heap Initial Capacity: 124M
 Heap Max Capacity: 3G
 Pre-touch: Disabled
 Parallel Workers: 8
 Concurrent Workers: 2
 Concurrent Refinement Workers: 8
 Periodic GC: Disabled

Heap:
 garbage-first heap   total reserved 3145728K, committed 1187840K, used 662780K [0x0000000740000000, 0x0000000800000000)
  region size 2048K, 10 young (20480K), 10 survivors (20480K)
 Metaspace       used 126102K, committed 128576K, reserved 1179648K
  class space    used 17833K, committed 19008K, reserved 1048576K

Heap Regions: E=young(eden), S=young(survivor), O=old, HS=humongous(starts), HC=humongous(continues), CS=collection set, F=free, TAMS=top-at-mark-start, PB=parsable bottom
|   0|0x0000000740000000, 0x0000000740200000, 0x0000000740200000|100%|HS|  |TAMS 0x0000000740000000| PB 0x0000000740000000| Complete |  0
|   1|0x0000000740200000, 0x0000000740400000, 0x0000000740400000|100%|HC|  |TAMS 0x0000000740200000| PB 0x0000000740200000| Complete |  0
|   2|0x0000000740400000, 0x0000000740600000, 0x0000000740600000|100%| O|  |TAMS 0x0000000740400000| PB 0x0000000740400000| Untracked |  0
|   3|0x0000000740600000, 0x0000000740800000, 0x0000000740800000|100%| O|  |TAMS 0x0000000740600000| PB 0x0000000740600000| Untracked |  0
|   4|0x0000000740800000, 0x0000000740a00000, 0x0000000740a00000|100%| O|  |TAMS 0x0000000740800000| PB 0x0000000740800000| Untracked |  0
|   5|0x0000000740a00000, 0x0000000740c00000, 0x0000000740c00000|100%| O|  |TAMS 0x0000000740a00000| PB 0x0000000740a00000| Untracked |  0
|   6|0x0000000740c00000, 0x0000000740e00000, 0x0000000740e00000|100%| O|  |TAMS 0x0000000740c00000| PB 0x0000000740c00000| Untracked |  0
|   7|0x0000000740e00000, 0x0000000741000000, 0x0000000741000000|100%| O|  |TAMS 0x0000000740e00000| PB 0x0000000740e00000| Untracked |  0
|   8|0x0000000741000000, 0x0000000741200000, 0x0000000741200000|100%| O|  |TAMS 0x0000000741000000| PB 0x0000000741000000| Untracked |  0
|   9|0x0000000741200000, 0x0000000741400000, 0x0000000741400000|100%| O|  |TAMS 0x0000000741200000| PB 0x0000000741200000| Untracked |  0
|  10|0x0000000741400000, 0x0000000741600000, 0x0000000741600000|100%| O|  |TAMS 0x0000000741400000| PB 0x0000000741400000| Untracked |  0
|  11|0x0000000741600000, 0x0000000741800000, 0x0000000741800000|100%| O|  |TAMS 0x0000000741600000| PB 0x0000000741600000| Untracked |  0
|  12|0x0000000741800000, 0x0000000741a00000, 0x0000000741a00000|100%| O|  |TAMS 0x0000000741800000| PB 0x0000000741800000| Untracked |  0
|  13|0x0000000741a00000, 0x0000000741c00000, 0x0000000741c00000|100%| O|  |TAMS 0x0000000741a00000| PB 0x0000000741a00000| Untracked |  0
|  14|0x0000000741c00000, 0x0000000741e00000, 0x0000000741e00000|100%| O|  |TAMS 0x0000000741c00000| PB 0x0000000741c00000| Untracked |  0
|  15|0x0000000741e00000, 0x0000000742000000, 0x0000000742000000|100%| O|  |TAMS 0x0000000741e00000| PB 0x0000000741e00000| Untracked |  0
|  16|0x0000000742000000, 0x0000000742200000, 0x0000000742200000|100%| O|  |TAMS 0x0000000742000000| PB 0x0000000742000000| Untracked |  0
|  17|0x0000000742200000, 0x0000000742400000, 0x0000000742400000|100%|HS|  |TAMS 0x0000000742200000| PB 0x0000000742200000| Complete |  0
|  18|0x0000000742400000, 0x0000000742600000, 0x0000000742600000|100%| O|  |TAMS 0x0000000742400000| PB 0x0000000742400000| Untracked |  0
|  19|0x0000000742600000, 0x0000000742800000, 0x0000000742800000|100%|HS|  |TAMS 0x0000000742600000| PB 0x0000000742600000| Complete |  0
|  20|0x0000000742800000, 0x0000000742a00000, 0x0000000742a00000|100%|HS|  |TAMS 0x0000000742800000| PB 0x0000000742800000| Complete |  0
|  21|0x0000000742a00000, 0x0000000742c00000, 0x0000000742c00000|100%|HS|  |TAMS 0x0000000742a00000| PB 0x0000000742a00000| Complete |  0
|  22|0x0000000742c00000, 0x0000000742e00000, 0x0000000742e00000|100%|HC|  |TAMS 0x0000000742c00000| PB 0x0000000742c00000| Complete |  0
|  23|0x0000000742e00000, 0x0000000743000000, 0x0000000743000000|100%| O|  |TAMS 0x0000000742e00000| PB 0x0000000742e00000| Untracked |  0
|  24|0x0000000743000000, 0x0000000743200000, 0x0000000743200000|100%| O|  |TAMS 0x0000000743000000| PB 0x0000000743000000| Untracked |  0
|  25|0x0000000743200000, 0x0000000743400000, 0x0000000743400000|100%| O|  |TAMS 0x0000000743200000| PB 0x0000000743200000| Untracked |  0
|  26|0x0000000743400000, 0x0000000743600000, 0x0000000743600000|100%| O|  |TAMS 0x0000000743400000| PB 0x0000000743400000| Untracked |  0
|  27|0x0000000743600000, 0x0000000743800000, 0x0000000743800000|100%| O|  |TAMS 0x0000000743600000| PB 0x0000000743600000| Untracked |  0
|  28|0x0000000743800000, 0x0000000743a00000, 0x0000000743a00000|100%| O|  |TAMS 0x0000000743800000| PB 0x0000000743800000| Untracked |  0
|  29|0x0000000743a00000, 0x0000000743c00000, 0x0000000743c00000|100%| O|  |TAMS 0x0000000743a00000| PB 0x0000000743a00000| Untracked |  0
|  30|0x0000000743c00000, 0x0000000743e00000, 0x0000000743e00000|100%| O|  |TAMS 0x0000000743c00000| PB 0x0000000743c00000| Untracked |  0
|  31|0x0000000743e00000, 0x0000000744000000, 0x0000000744000000|100%| O|  |TAMS 0x0000000743e00000| PB 0x0000000743e00000| Untracked |  0
|  32|0x0000000744000000, 0x0000000744200000, 0x0000000744200000|100%|HS|  |TAMS 0x0000000744000000| PB 0x0000000744000000| Complete |  0
|  33|0x0000000744200000, 0x0000000744400000, 0x0000000744400000|100%|HC|  |TAMS 0x0000000744200000| PB 0x0000000744200000| Complete |  0
|  34|0x0000000744400000, 0x0000000744600000, 0x0000000744600000|100%| O|  |TAMS 0x0000000744400000| PB 0x0000000744400000| Untracked |  0
|  35|0x0000000744600000, 0x0000000744800000, 0x0000000744800000|100%| O|  |TAMS 0x0000000744600000| PB 0x0000000744600000| Untracked |  0
|  36|0x0000000744800000, 0x0000000744a00000, 0x0000000744a00000|100%| O|  |TAMS 0x0000000744800000| PB 0x0000000744800000| Untracked |  0
|  37|0x0000000744a00000, 0x0000000744c00000, 0x0000000744c00000|100%| O|  |TAMS 0x0000000744a00000| PB 0x0000000744a00000| Untracked |  0
|  38|0x0000000744c00000, 0x0000000744e00000, 0x0000000744e00000|100%| O|  |TAMS 0x0000000744c00000| PB 0x0000000744c00000| Untracked |  0
|  39|0x0000000744e00000, 0x0000000745000000, 0x0000000745000000|100%| O|  |TAMS 0x0000000744e00000| PB 0x0000000744e00000| Untracked |  0
|  40|0x0000000745000000, 0x0000000745200000, 0x0000000745200000|100%| O|  |TAMS 0x0000000745000000| PB 0x0000000745000000| Untracked |  0
|  41|0x0000000745200000, 0x0000000745400000, 0x0000000745400000|100%| O|  |TAMS 0x0000000745200000| PB 0x0000000745200000| Untracked |  0
|  42|0x0000000745400000, 0x0000000745600000, 0x0000000745600000|100%| O|  |TAMS 0x0000000745400000| PB 0x0000000745400000| Untracked |  0
|  43|0x0000000745600000, 0x0000000745800000, 0x0000000745800000|100%| O|  |TAMS 0x0000000745600000| PB 0x0000000745600000| Untracked |  0
|  44|0x0000000745800000, 0x0000000745a00000, 0x0000000745a00000|100%| O|  |TAMS 0x0000000745800000| PB 0x0000000745800000| Untracked |  0
|  45|0x0000000745a00000, 0x0000000745c00000, 0x0000000745c00000|100%| O|  |TAMS 0x0000000745a00000| PB 0x0000000745a00000| Untracked |  0
|  46|0x0000000745c00000, 0x0000000745e00000, 0x0000000745e00000|100%| O|  |TAMS 0x0000000745c00000| PB 0x0000000745c00000| Untracked |  0
|  47|0x0000000745e00000, 0x0000000746000000, 0x0000000746000000|100%| O|  |TAMS 0x0000000745e00000| PB 0x0000000745e00000| Untracked |  0
|  48|0x0000000746000000, 0x0000000746200000, 0x0000000746200000|100%| O|  |TAMS 0x0000000746000000| PB 0x0000000746000000| Untracked |  0
|  49|0x0000000746200000, 0x0000000746400000, 0x0000000746400000|100%| O|  |TAMS 0x0000000746200000| PB 0x0000000746200000| Untracked |  0
|  50|0x0000000746400000, 0x0000000746600000, 0x0000000746600000|100%| O|  |TAMS 0x0000000746400000| PB 0x0000000746400000| Untracked |  0
|  51|0x0000000746600000, 0x0000000746800000, 0x0000000746800000|100%| O|  |TAMS 0x0000000746600000| PB 0x0000000746600000| Untracked |  0
|  52|0x0000000746800000, 0x0000000746a00000, 0x0000000746a00000|100%| O|  |TAMS 0x0000000746800000| PB 0x0000000746800000| Untracked |  0
|  53|0x0000000746a00000, 0x0000000746c00000, 0x0000000746c00000|100%| O|  |TAMS 0x0000000746a00000| PB 0x0000000746a00000| Untracked |  0
|  54|0x0000000746c00000, 0x0000000746e00000, 0x0000000746e00000|100%| O|  |TAMS 0x0000000746c00000| PB 0x0000000746c00000| Untracked |  0
|  55|0x0000000746e00000, 0x0000000747000000, 0x0000000747000000|100%| O|  |TAMS 0x0000000746e00000| PB 0x0000000746e00000| Untracked |  0
|  56|0x0000000747000000, 0x0000000747200000, 0x0000000747200000|100%| O|  |TAMS 0x0000000747000000| PB 0x0000000747000000| Untracked |  0
|  57|0x0000000747200000, 0x0000000747400000, 0x0000000747400000|100%| O|  |TAMS 0x0000000747200000| PB 0x0000000747200000| Untracked |  0
|  58|0x0000000747400000, 0x0000000747600000, 0x0000000747600000|100%| O|  |TAMS 0x0000000747400000| PB 0x0000000747400000| Untracked |  0
|  59|0x0000000747600000, 0x0000000747800000, 0x0000000747800000|100%| O|  |TAMS 0x0000000747600000| PB 0x0000000747600000| Untracked |  0
|  60|0x0000000747800000, 0x0000000747a00000, 0x0000000747a00000|100%| O|  |TAMS 0x0000000747800000| PB 0x0000000747800000| Untracked |  0
|  61|0x0000000747a00000, 0x0000000747c00000, 0x0000000747c00000|100%| O|  |TAMS 0x0000000747a00000| PB 0x0000000747a00000| Untracked |  0
|  62|0x0000000747c00000, 0x0000000747e00000, 0x0000000747e00000|100%| O|  |TAMS 0x0000000747c00000| PB 0x0000000747c00000| Untracked |  0
|  63|0x0000000747e00000, 0x0000000748000000, 0x0000000748000000|100%| O|  |TAMS 0x0000000747e00000| PB 0x0000000747e00000| Untracked |  0
|  64|0x0000000748000000, 0x0000000748200000, 0x0000000748200000|100%| O|  |TAMS 0x0000000748000000| PB 0x0000000748000000| Untracked |  0
|  65|0x0000000748200000, 0x0000000748400000, 0x0000000748400000|100%| O|  |TAMS 0x0000000748200000| PB 0x0000000748200000| Untracked |  0
|  66|0x0000000748400000, 0x0000000748600000, 0x0000000748600000|100%| O|  |TAMS 0x0000000748400000| PB 0x0000000748400000| Untracked |  0
|  67|0x0000000748600000, 0x0000000748600000, 0x0000000748800000|  0%| F|  |TAMS 0x0000000748600000| PB 0x0000000748600000| Untracked |  0
|  68|0x0000000748800000, 0x0000000748800000, 0x0000000748a00000|  0%| F|  |TAMS 0x0000000748800000| PB 0x0000000748800000| Untracked |  0
|  69|0x0000000748a00000, 0x0000000748a00000, 0x0000000748c00000|  0%| F|  |TAMS 0x0000000748a00000| PB 0x0000000748a00000| Untracked |  0
|  70|0x0000000748c00000, 0x0000000748e00000, 0x0000000748e00000|100%| O|  |TAMS 0x0000000748c00000| PB 0x0000000748c00000| Untracked |  0
|  71|0x0000000748e00000, 0x0000000749000000, 0x0000000749000000|100%| O|  |TAMS 0x0000000748e00000| PB 0x0000000748e00000| Untracked |  0
|  72|0x0000000749000000, 0x0000000749000000, 0x0000000749200000|  0%| F|  |TAMS 0x0000000749000000| PB 0x0000000749000000| Untracked |  0
|  73|0x0000000749200000, 0x0000000749200000, 0x0000000749400000|  0%| F|  |TAMS 0x0000000749200000| PB 0x0000000749200000| Untracked |  0
|  74|0x0000000749400000, 0x0000000749600000, 0x0000000749600000|100%| O|  |TAMS 0x0000000749400000| PB 0x0000000749400000| Untracked |  0
|  75|0x0000000749600000, 0x0000000749800000, 0x0000000749800000|100%| O|  |TAMS 0x0000000749600000| PB 0x0000000749600000| Untracked |  0
|  76|0x0000000749800000, 0x0000000749a00000, 0x0000000749a00000|100%| O|  |TAMS 0x0000000749800000| PB 0x0000000749800000| Untracked |  0
|  77|0x0000000749a00000, 0x0000000749c00000, 0x0000000749c00000|100%| O|  |TAMS 0x0000000749a00000| PB 0x0000000749a00000| Untracked |  0
|  78|0x0000000749c00000, 0x0000000749e00000, 0x0000000749e00000|100%| O|  |TAMS 0x0000000749c00000| PB 0x0000000749c00000| Untracked |  0
|  79|0x0000000749e00000, 0x000000074a000000, 0x000000074a000000|100%| O|  |TAMS 0x0000000749e00000| PB 0x0000000749e00000| Untracked |  0
|  80|0x000000074a000000, 0x000000074a200000, 0x000000074a200000|100%| O|  |TAMS 0x000000074a000000| PB 0x000000074a000000| Untracked |  0
|  81|0x000000074a200000, 0x000000074a400000, 0x000000074a400000|100%| O|  |TAMS 0x000000074a200000| PB 0x000000074a200000| Untracked |  0
|  82|0x000000074a400000, 0x000000074a600000, 0x000000074a600000|100%| O|  |TAMS 0x000000074a400000| PB 0x000000074a400000| Untracked |  0
|  83|0x000000074a600000, 0x000000074a800000, 0x000000074a800000|100%| O|  |TAMS 0x000000074a600000| PB 0x000000074a600000| Untracked |  0
|  84|0x000000074a800000, 0x000000074aa00000, 0x000000074aa00000|100%| O|  |TAMS 0x000000074a800000| PB 0x000000074a800000| Untracked |  0
|  85|0x000000074aa00000, 0x000000074ac00000, 0x000000074ac00000|100%| O|  |TAMS 0x000000074aa00000| PB 0x000000074aa00000| Untracked |  0
|  86|0x000000074ac00000, 0x000000074ae00000, 0x000000074ae00000|100%| O|  |TAMS 0x000000074ac00000| PB 0x000000074ac00000| Untracked |  0
|  87|0x000000074ae00000, 0x000000074b000000, 0x000000074b000000|100%| O|  |TAMS 0x000000074ae00000| PB 0x000000074ae00000| Untracked |  0
|  88|0x000000074b000000, 0x000000074b200000, 0x000000074b200000|100%| O|  |TAMS 0x000000074b000000| PB 0x000000074b000000| Untracked |  0
|  89|0x000000074b200000, 0x000000074b400000, 0x000000074b400000|100%| O|  |TAMS 0x000000074b200000| PB 0x000000074b200000| Untracked |  0
|  90|0x000000074b400000, 0x000000074b600000, 0x000000074b600000|100%| O|  |TAMS 0x000000074b400000| PB 0x000000074b400000| Untracked |  0
|  91|0x000000074b600000, 0x000000074b800000, 0x000000074b800000|100%| O|  |TAMS 0x000000074b600000| PB 0x000000074b600000| Untracked |  0
|  92|0x000000074b800000, 0x000000074ba00000, 0x000000074ba00000|100%| O|  |TAMS 0x000000074b800000| PB 0x000000074b800000| Untracked |  0
|  93|0x000000074ba00000, 0x000000074bc00000, 0x000000074bc00000|100%| O|  |TAMS 0x000000074ba00000| PB 0x000000074ba00000| Untracked |  0
|  94|0x000000074bc00000, 0x000000074be00000, 0x000000074be00000|100%| O|  |TAMS 0x000000074bc00000| PB 0x000000074bc00000| Untracked |  0
|  95|0x000000074be00000, 0x000000074c000000, 0x000000074c000000|100%| O|  |TAMS 0x000000074be00000| PB 0x000000074be00000| Untracked |  0
|  96|0x000000074c000000, 0x000000074c200000, 0x000000074c200000|100%| O|  |TAMS 0x000000074c000000| PB 0x000000074c000000| Untracked |  0
|  97|0x000000074c200000, 0x000000074c400000, 0x000000074c400000|100%| O|  |TAMS 0x000000074c200000| PB 0x000000074c200000| Untracked |  0
|  98|0x000000074c400000, 0x000000074c600000, 0x000000074c600000|100%| O|  |TAMS 0x000000074c400000| PB 0x000000074c400000| Untracked |  0
|  99|0x000000074c600000, 0x000000074c800000, 0x000000074c800000|100%| O|  |TAMS 0x000000074c600000| PB 0x000000074c600000| Untracked |  0
| 100|0x000000074c800000, 0x000000074ca00000, 0x000000074ca00000|100%| O|  |TAMS 0x000000074c800000| PB 0x000000074c800000| Untracked |  0
| 101|0x000000074ca00000, 0x000000074cc00000, 0x000000074cc00000|100%| O|  |TAMS 0x000000074ca00000| PB 0x000000074ca00000| Untracked |  0
| 102|0x000000074cc00000, 0x000000074ce00000, 0x000000074ce00000|100%| O|  |TAMS 0x000000074cc00000| PB 0x000000074cc00000| Untracked |  0
| 103|0x000000074ce00000, 0x000000074d000000, 0x000000074d000000|100%| O|  |TAMS 0x000000074ce00000| PB 0x000000074ce00000| Untracked |  0
| 104|0x000000074d000000, 0x000000074d200000, 0x000000074d200000|100%| O|  |TAMS 0x000000074d000000| PB 0x000000074d000000| Untracked |  0
| 105|0x000000074d200000, 0x000000074d400000, 0x000000074d400000|100%| O|  |TAMS 0x000000074d200000| PB 0x000000074d200000| Untracked |  0
| 106|0x000000074d400000, 0x000000074d600000, 0x000000074d600000|100%| O|  |TAMS 0x000000074d400000| PB 0x000000074d400000| Untracked |  0
| 107|0x000000074d600000, 0x000000074d800000, 0x000000074d800000|100%| O|  |TAMS 0x000000074d600000| PB 0x000000074d600000| Untracked |  0
| 108|0x000000074d800000, 0x000000074da00000, 0x000000074da00000|100%| O|  |TAMS 0x000000074d800000| PB 0x000000074d800000| Untracked |  0
| 109|0x000000074da00000, 0x000000074dc00000, 0x000000074dc00000|100%| O|  |TAMS 0x000000074da00000| PB 0x000000074da00000| Untracked |  0
| 110|0x000000074dc00000, 0x000000074de00000, 0x000000074de00000|100%| O|  |TAMS 0x000000074dc00000| PB 0x000000074dc00000| Untracked |  0
| 111|0x000000074de00000, 0x000000074e000000, 0x000000074e000000|100%| O|  |TAMS 0x000000074de00000| PB 0x000000074de00000| Untracked |  0
| 112|0x000000074e000000, 0x000000074e200000, 0x000000074e200000|100%| O|  |TAMS 0x000000074e000000| PB 0x000000074e000000| Untracked |  0
| 113|0x000000074e200000, 0x000000074e400000, 0x000000074e400000|100%| O|  |TAMS 0x000000074e200000| PB 0x000000074e200000| Untracked |  0
| 114|0x000000074e400000, 0x000000074e600000, 0x000000074e600000|100%| O|  |TAMS 0x000000074e400000| PB 0x000000074e400000| Untracked |  0
| 115|0x000000074e600000, 0x000000074e800000, 0x000000074e800000|100%| O|  |TAMS 0x000000074e600000| PB 0x000000074e600000| Untracked |  0
| 116|0x000000074e800000, 0x000000074ea00000, 0x000000074ea00000|100%| O|  |TAMS 0x000000074e800000| PB 0x000000074e800000| Untracked |  0
| 117|0x000000074ea00000, 0x000000074ec00000, 0x000000074ec00000|100%| O|  |TAMS 0x000000074ea00000| PB 0x000000074ea00000| Untracked |  0
| 118|0x000000074ec00000, 0x000000074ee00000, 0x000000074ee00000|100%| O|  |TAMS 0x000000074ec00000| PB 0x000000074ec00000| Untracked |  0
| 119|0x000000074ee00000, 0x000000074f000000, 0x000000074f000000|100%| O|  |TAMS 0x000000074ee00000| PB 0x000000074ee00000| Untracked |  0
| 120|0x000000074f000000, 0x000000074f200000, 0x000000074f200000|100%| O|  |TAMS 0x000000074f000000| PB 0x000000074f000000| Untracked |  0
| 121|0x000000074f200000, 0x000000074f400000, 0x000000074f400000|100%| O|  |TAMS 0x000000074f200000| PB 0x000000074f200000| Untracked |  0
| 122|0x000000074f400000, 0x000000074f600000, 0x000000074f600000|100%| O|  |TAMS 0x000000074f400000| PB 0x000000074f400000| Untracked |  0
| 123|0x000000074f600000, 0x000000074f800000, 0x000000074f800000|100%| O|  |TAMS 0x000000074f600000| PB 0x000000074f600000| Untracked |  0
| 124|0x000000074f800000, 0x000000074fa00000, 0x000000074fa00000|100%| O|  |TAMS 0x000000074f800000| PB 0x000000074f800000| Untracked |  0
| 125|0x000000074fa00000, 0x000000074fc00000, 0x000000074fc00000|100%| O|  |TAMS 0x000000074fa00000| PB 0x000000074fa00000| Untracked |  0
| 126|0x000000074fc00000, 0x000000074fe00000, 0x000000074fe00000|100%| O|  |TAMS 0x000000074fc00000| PB 0x000000074fc00000| Untracked |  0
| 127|0x000000074fe00000, 0x0000000750000000, 0x0000000750000000|100%| O|  |TAMS 0x000000074fe00000| PB 0x000000074fe00000| Untracked |  0
| 128|0x0000000750000000, 0x0000000750200000, 0x0000000750200000|100%| O|  |TAMS 0x0000000750000000| PB 0x0000000750000000| Untracked |  0
| 129|0x0000000750200000, 0x0000000750400000, 0x0000000750400000|100%| O|  |TAMS 0x0000000750200000| PB 0x0000000750200000| Untracked |  0
| 130|0x0000000750400000, 0x0000000750600000, 0x0000000750600000|100%| O|  |TAMS 0x0000000750400000| PB 0x0000000750400000| Untracked |  0
| 131|0x0000000750600000, 0x0000000750800000, 0x0000000750800000|100%| O|  |TAMS 0x0000000750600000| PB 0x0000000750600000| Untracked |  0
| 132|0x0000000750800000, 0x0000000750a00000, 0x0000000750a00000|100%| O|  |TAMS 0x0000000750800000| PB 0x0000000750800000| Untracked |  0
| 133|0x0000000750a00000, 0x0000000750c00000, 0x0000000750c00000|100%| O|  |TAMS 0x0000000750a00000| PB 0x0000000750a00000| Untracked |  0
| 134|0x0000000750c00000, 0x0000000750e00000, 0x0000000750e00000|100%| O|  |TAMS 0x0000000750c00000| PB 0x0000000750c00000| Untracked |  0
| 135|0x0000000750e00000, 0x0000000751000000, 0x0000000751000000|100%| O|  |TAMS 0x0000000750e00000| PB 0x0000000750e00000| Untracked |  0
| 136|0x0000000751000000, 0x0000000751200000, 0x0000000751200000|100%| O|  |TAMS 0x0000000751000000| PB 0x0000000751000000| Untracked |  0
| 137|0x0000000751200000, 0x0000000751400000, 0x0000000751400000|100%| O|  |TAMS 0x0000000751200000| PB 0x0000000751200000| Untracked |  0
| 138|0x0000000751400000, 0x0000000751600000, 0x0000000751600000|100%| O|  |TAMS 0x0000000751400000| PB 0x0000000751400000| Untracked |  0
| 139|0x0000000751600000, 0x0000000751800000, 0x0000000751800000|100%| O|  |TAMS 0x0000000751600000| PB 0x0000000751600000| Untracked |  0
| 140|0x0000000751800000, 0x0000000751a00000, 0x0000000751a00000|100%| O|  |TAMS 0x0000000751800000| PB 0x0000000751800000| Untracked |  0
| 141|0x0000000751a00000, 0x0000000751c00000, 0x0000000751c00000|100%| O|  |TAMS 0x0000000751a00000| PB 0x0000000751a00000| Untracked |  0
| 142|0x0000000751c00000, 0x0000000751e00000, 0x0000000751e00000|100%| O|  |TAMS 0x0000000751c00000| PB 0x0000000751c00000| Untracked |  0
| 143|0x0000000751e00000, 0x0000000752000000, 0x0000000752000000|100%| O|  |TAMS 0x0000000751e00000| PB 0x0000000751e00000| Untracked |  0
| 144|0x0000000752000000, 0x0000000752200000, 0x0000000752200000|100%| O|  |TAMS 0x0000000752000000| PB 0x0000000752000000| Untracked |  0
| 145|0x0000000752200000, 0x0000000752400000, 0x0000000752400000|100%| O|  |TAMS 0x0000000752200000| PB 0x0000000752200000| Untracked |  0
| 146|0x0000000752400000, 0x0000000752600000, 0x0000000752600000|100%| O|  |TAMS 0x0000000752400000| PB 0x0000000752400000| Untracked |  0
| 147|0x0000000752600000, 0x0000000752800000, 0x0000000752800000|100%| O|  |TAMS 0x0000000752600000| PB 0x0000000752600000| Untracked |  0
| 148|0x0000000752800000, 0x0000000752a00000, 0x0000000752a00000|100%| O|  |TAMS 0x0000000752800000| PB 0x0000000752800000| Untracked |  0
| 149|0x0000000752a00000, 0x0000000752c00000, 0x0000000752c00000|100%| O|  |TAMS 0x0000000752a00000| PB 0x0000000752a00000| Untracked |  0
| 150|0x0000000752c00000, 0x0000000752e00000, 0x0000000752e00000|100%| O|  |TAMS 0x0000000752c00000| PB 0x0000000752c00000| Untracked |  0
| 151|0x0000000752e00000, 0x0000000753000000, 0x0000000753000000|100%| O|  |TAMS 0x0000000752e00000| PB 0x0000000752e00000| Untracked |  0
| 152|0x0000000753000000, 0x0000000753200000, 0x0000000753200000|100%| O|  |TAMS 0x0000000753000000| PB 0x0000000753000000| Untracked |  0
| 153|0x0000000753200000, 0x0000000753400000, 0x0000000753400000|100%| O|  |TAMS 0x0000000753200000| PB 0x0000000753200000| Untracked |  0
| 154|0x0000000753400000, 0x0000000753600000, 0x0000000753600000|100%| O|  |TAMS 0x0000000753400000| PB 0x0000000753400000| Untracked |  0
| 155|0x0000000753600000, 0x0000000753800000, 0x0000000753800000|100%| O|  |TAMS 0x0000000753600000| PB 0x0000000753600000| Untracked |  0
| 156|0x0000000753800000, 0x0000000753a00000, 0x0000000753a00000|100%| O|  |TAMS 0x0000000753800000| PB 0x0000000753800000| Untracked |  0
| 157|0x0000000753a00000, 0x0000000753c00000, 0x0000000753c00000|100%| O|  |TAMS 0x0000000753a00000| PB 0x0000000753a00000| Untracked |  0
| 158|0x0000000753c00000, 0x0000000753e00000, 0x0000000753e00000|100%| O|  |TAMS 0x0000000753c00000| PB 0x0000000753c00000| Untracked |  0
| 159|0x0000000753e00000, 0x0000000754000000, 0x0000000754000000|100%| O|  |TAMS 0x0000000753e00000| PB 0x0000000753e00000| Untracked |  0
| 160|0x0000000754000000, 0x0000000754200000, 0x0000000754200000|100%| O|  |TAMS 0x0000000754000000| PB 0x0000000754000000| Untracked |  0
| 161|0x0000000754200000, 0x0000000754400000, 0x0000000754400000|100%| O|  |TAMS 0x0000000754200000| PB 0x0000000754200000| Untracked |  0
| 162|0x0000000754400000, 0x0000000754600000, 0x0000000754600000|100%| O|  |TAMS 0x0000000754400000| PB 0x0000000754400000| Untracked |  0
| 163|0x0000000754600000, 0x0000000754800000, 0x0000000754800000|100%| O|  |TAMS 0x0000000754600000| PB 0x0000000754600000| Untracked |  0
| 164|0x0000000754800000, 0x0000000754a00000, 0x0000000754a00000|100%| O|  |TAMS 0x0000000754800000| PB 0x0000000754800000| Untracked |  0
| 165|0x0000000754a00000, 0x0000000754c00000, 0x0000000754c00000|100%| O|  |TAMS 0x0000000754a00000| PB 0x0000000754a00000| Untracked |  0
| 166|0x0000000754c00000, 0x0000000754e00000, 0x0000000754e00000|100%| O|  |TAMS 0x0000000754c00000| PB 0x0000000754c00000| Untracked |  0
| 167|0x0000000754e00000, 0x0000000755000000, 0x0000000755000000|100%| O|  |TAMS 0x0000000754e00000| PB 0x0000000754e00000| Untracked |  0
| 168|0x0000000755000000, 0x0000000755200000, 0x0000000755200000|100%| O|  |TAMS 0x0000000755000000| PB 0x0000000755000000| Untracked |  0
| 169|0x0000000755200000, 0x000000075533f100, 0x0000000755400000| 62%| O|  |TAMS 0x0000000755200000| PB 0x0000000755200000| Untracked |  0
| 170|0x0000000755400000, 0x0000000755600000, 0x0000000755600000|100%| O|  |TAMS 0x0000000755400000| PB 0x0000000755400000| Untracked |  0
| 171|0x0000000755600000, 0x0000000755800000, 0x0000000755800000|100%| O|  |TAMS 0x0000000755600000| PB 0x0000000755600000| Untracked |  0
| 172|0x0000000755800000, 0x0000000755800000, 0x0000000755a00000|  0%| F|  |TAMS 0x0000000755800000| PB 0x0000000755800000| Untracked |  0
| 173|0x0000000755a00000, 0x0000000755c00000, 0x0000000755c00000|100%| O|  |TAMS 0x0000000755a00000| PB 0x0000000755a00000| Untracked |  0
| 174|0x0000000755c00000, 0x0000000755c00000, 0x0000000755e00000|  0%| F|  |TAMS 0x0000000755c00000| PB 0x0000000755c00000| Untracked |  0
| 175|0x0000000755e00000, 0x0000000756000000, 0x0000000756000000|100%| O|  |TAMS 0x0000000755e00000| PB 0x0000000755e00000| Untracked |  0
| 176|0x0000000756000000, 0x0000000756200000, 0x0000000756200000|100%| O|  |TAMS 0x0000000756000000| PB 0x0000000756000000| Untracked |  0
| 177|0x0000000756200000, 0x0000000756400000, 0x0000000756400000|100%| O|  |TAMS 0x0000000756200000| PB 0x0000000756200000| Untracked |  0
| 178|0x0000000756400000, 0x0000000756600000, 0x0000000756600000|100%| O|  |TAMS 0x0000000756400000| PB 0x0000000756400000| Untracked |  0
| 179|0x0000000756600000, 0x0000000756600000, 0x0000000756800000|  0%| F|  |TAMS 0x0000000756600000| PB 0x0000000756600000| Untracked |  0
| 180|0x0000000756800000, 0x0000000756a00000, 0x0000000756a00000|100%| O|  |TAMS 0x0000000756800000| PB 0x0000000756800000| Untracked |  0
| 181|0x0000000756a00000, 0x0000000756a00000, 0x0000000756c00000|  0%| F|  |TAMS 0x0000000756a00000| PB 0x0000000756a00000| Untracked |  0
| 182|0x0000000756c00000, 0x0000000756e00000, 0x0000000756e00000|100%| O|  |TAMS 0x0000000756c00000| PB 0x0000000756c00000| Untracked |  0
| 183|0x0000000756e00000, 0x0000000757000000, 0x0000000757000000|100%| O|  |TAMS 0x0000000756e00000| PB 0x0000000756e00000| Untracked |  0
| 184|0x0000000757000000, 0x0000000757200000, 0x0000000757200000|100%| O|  |TAMS 0x0000000757000000| PB 0x0000000757000000| Untracked |  0
| 185|0x0000000757200000, 0x0000000757400000, 0x0000000757400000|100%| O|  |TAMS 0x0000000757200000| PB 0x0000000757200000| Untracked |  0
| 186|0x0000000757400000, 0x0000000757600000, 0x0000000757600000|100%| O|  |TAMS 0x0000000757400000| PB 0x0000000757400000| Untracked |  0
| 187|0x0000000757600000, 0x0000000757800000, 0x0000000757800000|100%| O|  |TAMS 0x0000000757600000| PB 0x0000000757600000| Untracked |  0
| 188|0x0000000757800000, 0x0000000757800000, 0x0000000757a00000|  0%| F|  |TAMS 0x0000000757800000| PB 0x0000000757800000| Untracked |  0
| 189|0x0000000757a00000, 0x0000000757c00000, 0x0000000757c00000|100%| O|  |TAMS 0x0000000757a00000| PB 0x0000000757a00000| Untracked |  0
| 190|0x0000000757c00000, 0x0000000757c00000, 0x0000000757e00000|  0%| F|  |TAMS 0x0000000757c00000| PB 0x0000000757c00000| Untracked |  0
| 191|0x0000000757e00000, 0x0000000758000000, 0x0000000758000000|100%| O|  |TAMS 0x0000000757e00000| PB 0x0000000757e00000| Untracked |  0
| 192|0x0000000758000000, 0x0000000758200000, 0x0000000758200000|100%| O|  |TAMS 0x0000000758000000| PB 0x0000000758000000| Untracked |  0
| 193|0x0000000758200000, 0x0000000758200000, 0x0000000758400000|  0%| F|  |TAMS 0x0000000758200000| PB 0x0000000758200000| Untracked |  0
| 194|0x0000000758400000, 0x0000000758400000, 0x0000000758600000|  0%| F|  |TAMS 0x0000000758400000| PB 0x0000000758400000| Untracked |  0
| 195|0x0000000758600000, 0x0000000758800000, 0x0000000758800000|100%| O|  |TAMS 0x0000000758600000| PB 0x0000000758600000| Untracked |  0
| 196|0x0000000758800000, 0x0000000758800000, 0x0000000758a00000|  0%| F|  |TAMS 0x0000000758800000| PB 0x0000000758800000| Untracked |  0
| 197|0x0000000758a00000, 0x0000000758a00000, 0x0000000758c00000|  0%| F|  |TAMS 0x0000000758a00000| PB 0x0000000758a00000| Untracked |  0
| 198|0x0000000758c00000, 0x0000000758c00000, 0x0000000758e00000|  0%| F|  |TAMS 0x0000000758c00000| PB 0x0000000758c00000| Untracked |  0
| 199|0x0000000758e00000, 0x0000000759000000, 0x0000000759000000|100%| O|  |TAMS 0x0000000758e00000| PB 0x0000000758e00000| Untracked |  0
| 200|0x0000000759000000, 0x0000000759200000, 0x0000000759200000|100%| O|  |TAMS 0x0000000759000000| PB 0x0000000759000000| Untracked |  0
| 201|0x0000000759200000, 0x0000000759200000, 0x0000000759400000|  0%| F|  |TAMS 0x0000000759200000| PB 0x0000000759200000| Untracked |  0
| 202|0x0000000759400000, 0x0000000759600000, 0x0000000759600000|100%| O|  |TAMS 0x0000000759400000| PB 0x0000000759400000| Untracked |  0
| 203|0x0000000759600000, 0x0000000759800000, 0x0000000759800000|100%| O|  |TAMS 0x0000000759600000| PB 0x0000000759600000| Untracked |  0
| 204|0x0000000759800000, 0x0000000759a00000, 0x0000000759a00000|100%| O|  |TAMS 0x0000000759800000| PB 0x0000000759800000| Untracked |  0
| 205|0x0000000759a00000, 0x0000000759c00000, 0x0000000759c00000|100%| O|  |TAMS 0x0000000759a00000| PB 0x0000000759a00000| Untracked |  0
| 206|0x0000000759c00000, 0x0000000759e00000, 0x0000000759e00000|100%| O|  |TAMS 0x0000000759c00000| PB 0x0000000759c00000| Untracked |  0
| 207|0x0000000759e00000, 0x000000075a000000, 0x000000075a000000|100%| O|  |TAMS 0x0000000759e00000| PB 0x0000000759e00000| Untracked |  0
| 208|0x000000075a000000, 0x000000075a200000, 0x000000075a200000|100%| O|  |TAMS 0x000000075a000000| PB 0x000000075a000000| Untracked |  0
| 209|0x000000075a200000, 0x000000075a400000, 0x000000075a400000|100%| O|  |TAMS 0x000000075a200000| PB 0x000000075a200000| Untracked |  0
| 210|0x000000075a400000, 0x000000075a600000, 0x000000075a600000|100%| O|  |TAMS 0x000000075a400000| PB 0x000000075a400000| Untracked |  0
| 211|0x000000075a600000, 0x000000075a800000, 0x000000075a800000|100%| O|  |TAMS 0x000000075a600000| PB 0x000000075a600000| Untracked |  0
| 212|0x000000075a800000, 0x000000075aa00000, 0x000000075aa00000|100%| O|  |TAMS 0x000000075a800000| PB 0x000000075a800000| Untracked |  0
| 213|0x000000075aa00000, 0x000000075ac00000, 0x000000075ac00000|100%| O|  |TAMS 0x000000075aa00000| PB 0x000000075aa00000| Untracked |  0
| 214|0x000000075ac00000, 0x000000075ae00000, 0x000000075ae00000|100%| O|  |TAMS 0x000000075ac00000| PB 0x000000075ac00000| Untracked |  0
| 215|0x000000075ae00000, 0x000000075b000000, 0x000000075b000000|100%| O|  |TAMS 0x000000075ae00000| PB 0x000000075ae00000| Untracked |  0
| 216|0x000000075b000000, 0x000000075b200000, 0x000000075b200000|100%| O|  |TAMS 0x000000075b000000| PB 0x000000075b000000| Untracked |  0
| 217|0x000000075b200000, 0x000000075b400000, 0x000000075b400000|100%| O|  |TAMS 0x000000075b200000| PB 0x000000075b200000| Untracked |  0
| 218|0x000000075b400000, 0x000000075b600000, 0x000000075b600000|100%| O|  |TAMS 0x000000075b400000| PB 0x000000075b400000| Untracked |  0
| 219|0x000000075b600000, 0x000000075b800000, 0x000000075b800000|100%| O|  |TAMS 0x000000075b600000| PB 0x000000075b600000| Untracked |  0
| 220|0x000000075b800000, 0x000000075ba00000, 0x000000075ba00000|100%| O|  |TAMS 0x000000075b800000| PB 0x000000075b800000| Untracked |  0
| 221|0x000000075ba00000, 0x000000075bc00000, 0x000000075bc00000|100%| O|  |TAMS 0x000000075ba00000| PB 0x000000075ba00000| Untracked |  0
| 222|0x000000075bc00000, 0x000000075be00000, 0x000000075be00000|100%| O|  |TAMS 0x000000075bc00000| PB 0x000000075bc00000| Untracked |  0
| 223|0x000000075be00000, 0x000000075c000000, 0x000000075c000000|100%| O|  |TAMS 0x000000075be00000| PB 0x000000075be00000| Untracked |  0
| 224|0x000000075c000000, 0x000000075c200000, 0x000000075c200000|100%| O|  |TAMS 0x000000075c000000| PB 0x000000075c000000| Untracked |  0
| 225|0x000000075c200000, 0x000000075c400000, 0x000000075c400000|100%| O|  |TAMS 0x000000075c200000| PB 0x000000075c200000| Untracked |  0
| 226|0x000000075c400000, 0x000000075c600000, 0x000000075c600000|100%| O|  |TAMS 0x000000075c400000| PB 0x000000075c400000| Untracked |  0
| 227|0x000000075c600000, 0x000000075c800000, 0x000000075c800000|100%| O|  |TAMS 0x000000075c600000| PB 0x000000075c600000| Untracked |  0
| 228|0x000000075c800000, 0x000000075ca00000, 0x000000075ca00000|100%| O|  |TAMS 0x000000075c800000| PB 0x000000075c800000| Untracked |  0
| 229|0x000000075ca00000, 0x000000075cc00000, 0x000000075cc00000|100%| O|  |TAMS 0x000000075ca00000| PB 0x000000075ca00000| Untracked |  0
| 230|0x000000075cc00000, 0x000000075ce00000, 0x000000075ce00000|100%| O|  |TAMS 0x000000075cc00000| PB 0x000000075cc00000| Untracked |  0
| 231|0x000000075ce00000, 0x000000075d000000, 0x000000075d000000|100%| O|  |TAMS 0x000000075ce00000| PB 0x000000075ce00000| Untracked |  0
| 232|0x000000075d000000, 0x000000075d200000, 0x000000075d200000|100%| O|  |TAMS 0x000000075d000000| PB 0x000000075d000000| Untracked |  0
| 233|0x000000075d200000, 0x000000075d400000, 0x000000075d400000|100%| O|  |TAMS 0x000000075d200000| PB 0x000000075d200000| Untracked |  0
| 234|0x000000075d400000, 0x000000075d600000, 0x000000075d600000|100%| O|  |TAMS 0x000000075d400000| PB 0x000000075d400000| Untracked |  0
| 235|0x000000075d600000, 0x000000075d800000, 0x000000075d800000|100%| O|  |TAMS 0x000000075d600000| PB 0x000000075d600000| Untracked |  0
| 236|0x000000075d800000, 0x000000075da00000, 0x000000075da00000|100%| O|  |TAMS 0x000000075d800000| PB 0x000000075d800000| Untracked |  0
| 237|0x000000075da00000, 0x000000075dc00000, 0x000000075dc00000|100%| O|  |TAMS 0x000000075da00000| PB 0x000000075da00000| Untracked |  0
| 238|0x000000075dc00000, 0x000000075de00000, 0x000000075de00000|100%| O|  |TAMS 0x000000075dc00000| PB 0x000000075dc00000| Untracked |  0
| 239|0x000000075de00000, 0x000000075e000000, 0x000000075e000000|100%| O|  |TAMS 0x000000075de00000| PB 0x000000075de00000| Untracked |  0
| 240|0x000000075e000000, 0x000000075e200000, 0x000000075e200000|100%| O|  |TAMS 0x000000075e000000| PB 0x000000075e000000| Untracked |  0
| 241|0x000000075e200000, 0x000000075e400000, 0x000000075e400000|100%| O|  |TAMS 0x000000075e200000| PB 0x000000075e200000| Untracked |  0
| 242|0x000000075e400000, 0x000000075e600000, 0x000000075e600000|100%| O|  |TAMS 0x000000075e400000| PB 0x000000075e400000| Untracked |  0
| 243|0x000000075e600000, 0x000000075e800000, 0x000000075e800000|100%| O|  |TAMS 0x000000075e600000| PB 0x000000075e600000| Untracked |  0
| 244|0x000000075e800000, 0x000000075ea00000, 0x000000075ea00000|100%| O|  |TAMS 0x000000075e800000| PB 0x000000075e800000| Untracked |  0
| 245|0x000000075ea00000, 0x000000075ec00000, 0x000000075ec00000|100%| O|  |TAMS 0x000000075ea00000| PB 0x000000075ea00000| Untracked |  0
| 246|0x000000075ec00000, 0x000000075ee00000, 0x000000075ee00000|100%| O|  |TAMS 0x000000075ec00000| PB 0x000000075ec00000| Untracked |  0
| 247|0x000000075ee00000, 0x000000075f000000, 0x000000075f000000|100%| O|  |TAMS 0x000000075ee00000| PB 0x000000075ee00000| Untracked |  0
| 248|0x000000075f000000, 0x000000075f200000, 0x000000075f200000|100%| O|  |TAMS 0x000000075f000000| PB 0x000000075f000000| Untracked |  0
| 249|0x000000075f200000, 0x000000075f400000, 0x000000075f400000|100%| O|  |TAMS 0x000000075f200000| PB 0x000000075f200000| Untracked |  0
| 250|0x000000075f400000, 0x000000075f600000, 0x000000075f600000|100%| O|  |TAMS 0x000000075f400000| PB 0x000000075f400000| Untracked |  0
| 251|0x000000075f600000, 0x000000075f800000, 0x000000075f800000|100%| O|  |TAMS 0x000000075f600000| PB 0x000000075f600000| Untracked |  0
| 252|0x000000075f800000, 0x000000075fa00000, 0x000000075fa00000|100%| O|  |TAMS 0x000000075f800000| PB 0x000000075f800000| Untracked |  0
| 253|0x000000075fa00000, 0x000000075fc00000, 0x000000075fc00000|100%| O|  |TAMS 0x000000075fa00000| PB 0x000000075fa00000| Untracked |  0
| 254|0x000000075fc00000, 0x000000075fe00000, 0x000000075fe00000|100%| O|  |TAMS 0x000000075fc00000| PB 0x000000075fc00000| Untracked |  0
| 255|0x000000075fe00000, 0x0000000760000000, 0x0000000760000000|100%| O|  |TAMS 0x000000075fe00000| PB 0x000000075fe00000| Untracked |  0
| 256|0x0000000760000000, 0x0000000760200000, 0x0000000760200000|100%| O|  |TAMS 0x0000000760000000| PB 0x0000000760000000| Untracked |  0
| 257|0x0000000760200000, 0x0000000760400000, 0x0000000760400000|100%| O|  |TAMS 0x0000000760200000| PB 0x0000000760200000| Untracked |  0
| 258|0x0000000760400000, 0x0000000760600000, 0x0000000760600000|100%| O|  |TAMS 0x0000000760400000| PB 0x0000000760400000| Untracked |  0
| 259|0x0000000760600000, 0x0000000760800000, 0x0000000760800000|100%| O|  |TAMS 0x0000000760600000| PB 0x0000000760600000| Untracked |  0
| 260|0x0000000760800000, 0x0000000760a00000, 0x0000000760a00000|100%| O|  |TAMS 0x0000000760800000| PB 0x0000000760800000| Untracked |  0
| 261|0x0000000760a00000, 0x0000000760c00000, 0x0000000760c00000|100%| O|  |TAMS 0x0000000760a00000| PB 0x0000000760a00000| Untracked |  0
| 262|0x0000000760c00000, 0x0000000760e00000, 0x0000000760e00000|100%| O|  |TAMS 0x0000000760c00000| PB 0x0000000760c00000| Untracked |  0
| 263|0x0000000760e00000, 0x0000000761000000, 0x0000000761000000|100%| O|  |TAMS 0x0000000760e00000| PB 0x0000000760e00000| Untracked |  0
| 264|0x0000000761000000, 0x0000000761200000, 0x0000000761200000|100%| O|  |TAMS 0x0000000761000000| PB 0x0000000761000000| Untracked |  0
| 265|0x0000000761200000, 0x0000000761400000, 0x0000000761400000|100%| O|  |TAMS 0x0000000761200000| PB 0x0000000761200000| Untracked |  0
| 266|0x0000000761400000, 0x0000000761600000, 0x0000000761600000|100%| O|  |TAMS 0x0000000761400000| PB 0x0000000761400000| Untracked |  0
| 267|0x0000000761600000, 0x0000000761800000, 0x0000000761800000|100%| O|  |TAMS 0x0000000761600000| PB 0x0000000761600000| Untracked |  0
| 268|0x0000000761800000, 0x0000000761a00000, 0x0000000761a00000|100%| O|  |TAMS 0x0000000761800000| PB 0x0000000761800000| Untracked |  0
| 269|0x0000000761a00000, 0x0000000761c00000, 0x0000000761c00000|100%| O|  |TAMS 0x0000000761a00000| PB 0x0000000761a00000| Untracked |  0
| 270|0x0000000761c00000, 0x0000000761e00000, 0x0000000761e00000|100%| O|  |TAMS 0x0000000761c00000| PB 0x0000000761c00000| Untracked |  0
| 271|0x0000000761e00000, 0x0000000762000000, 0x0000000762000000|100%| O|  |TAMS 0x0000000761e00000| PB 0x0000000761e00000| Untracked |  0
| 272|0x0000000762000000, 0x0000000762200000, 0x0000000762200000|100%| O|  |TAMS 0x0000000762000000| PB 0x0000000762000000| Untracked |  0
| 273|0x0000000762200000, 0x0000000762400000, 0x0000000762400000|100%| O|  |TAMS 0x0000000762200000| PB 0x0000000762200000| Untracked |  0
| 274|0x0000000762400000, 0x0000000762600000, 0x0000000762600000|100%| O|  |TAMS 0x0000000762400000| PB 0x0000000762400000| Untracked |  0
| 275|0x0000000762600000, 0x0000000762800000, 0x0000000762800000|100%| O|  |TAMS 0x0000000762600000| PB 0x0000000762600000| Untracked |  0
| 276|0x0000000762800000, 0x0000000762a00000, 0x0000000762a00000|100%| O|  |TAMS 0x0000000762800000| PB 0x0000000762800000| Untracked |  0
| 277|0x0000000762a00000, 0x0000000762c00000, 0x0000000762c00000|100%| O|  |TAMS 0x0000000762a00000| PB 0x0000000762a00000| Untracked |  0
| 278|0x0000000762c00000, 0x0000000762e00000, 0x0000000762e00000|100%| O|  |TAMS 0x0000000762c00000| PB 0x0000000762c00000| Untracked |  0
| 279|0x0000000762e00000, 0x0000000763000000, 0x0000000763000000|100%| O|  |TAMS 0x0000000762e00000| PB 0x0000000762e00000| Untracked |  0
| 280|0x0000000763000000, 0x0000000763200000, 0x0000000763200000|100%| O|  |TAMS 0x0000000763000000| PB 0x0000000763000000| Untracked |  0
| 281|0x0000000763200000, 0x0000000763400000, 0x0000000763400000|100%| O|  |TAMS 0x0000000763200000| PB 0x0000000763200000| Untracked |  0
| 282|0x0000000763400000, 0x0000000763600000, 0x0000000763600000|100%| O|  |TAMS 0x0000000763400000| PB 0x0000000763400000| Untracked |  0
| 283|0x0000000763600000, 0x0000000763800000, 0x0000000763800000|100%| O|  |TAMS 0x0000000763600000| PB 0x0000000763600000| Untracked |  0
| 284|0x0000000763800000, 0x0000000763a00000, 0x0000000763a00000|100%| O|  |TAMS 0x0000000763800000| PB 0x0000000763800000| Untracked |  0
| 285|0x0000000763a00000, 0x0000000763c00000, 0x0000000763c00000|100%| O|  |TAMS 0x0000000763a00000| PB 0x0000000763a00000| Untracked |  0
| 286|0x0000000763c00000, 0x0000000763e00000, 0x0000000763e00000|100%| O|  |TAMS 0x0000000763c00000| PB 0x0000000763c00000| Untracked |  0
| 287|0x0000000763e00000, 0x0000000764000000, 0x0000000764000000|100%| O|  |TAMS 0x0000000763e00000| PB 0x0000000763e00000| Untracked |  0
| 288|0x0000000764000000, 0x0000000764200000, 0x0000000764200000|100%| O|  |TAMS 0x0000000764000000| PB 0x0000000764000000| Untracked |  0
| 289|0x0000000764200000, 0x0000000764400000, 0x0000000764400000|100%| O|  |TAMS 0x0000000764200000| PB 0x0000000764200000| Untracked |  0
| 290|0x0000000764400000, 0x0000000764600000, 0x0000000764600000|100%| O|  |TAMS 0x0000000764400000| PB 0x0000000764400000| Untracked |  0
| 291|0x0000000764600000, 0x0000000764800000, 0x0000000764800000|100%| O|  |TAMS 0x0000000764600000| PB 0x0000000764600000| Untracked |  0
| 292|0x0000000764800000, 0x0000000764a00000, 0x0000000764a00000|100%| O|  |TAMS 0x0000000764800000| PB 0x0000000764800000| Untracked |  0
| 293|0x0000000764a00000, 0x0000000764c00000, 0x0000000764c00000|100%| O|  |TAMS 0x0000000764a00000| PB 0x0000000764a00000| Untracked |  0
| 294|0x0000000764c00000, 0x0000000764e00000, 0x0000000764e00000|100%| O|  |TAMS 0x0000000764c00000| PB 0x0000000764c00000| Untracked |  0
| 295|0x0000000764e00000, 0x0000000765000000, 0x0000000765000000|100%| O|  |TAMS 0x0000000764e00000| PB 0x0000000764e00000| Untracked |  0
| 296|0x0000000765000000, 0x0000000765200000, 0x0000000765200000|100%| O|  |TAMS 0x0000000765000000| PB 0x0000000765000000| Untracked |  0
| 297|0x0000000765200000, 0x0000000765400000, 0x0000000765400000|100%| O|  |TAMS 0x0000000765200000| PB 0x0000000765200000| Untracked |  0
| 298|0x0000000765400000, 0x0000000765600000, 0x0000000765600000|100%| O|  |TAMS 0x0000000765400000| PB 0x0000000765400000| Untracked |  0
| 299|0x0000000765600000, 0x0000000765800000, 0x0000000765800000|100%| O|  |TAMS 0x0000000765600000| PB 0x0000000765600000| Untracked |  0
| 300|0x0000000765800000, 0x0000000765800000, 0x0000000765a00000|  0%| F|  |TAMS 0x0000000765800000| PB 0x0000000765800000| Untracked |  0
| 301|0x0000000765a00000, 0x0000000765c00000, 0x0000000765c00000|100%| O|  |TAMS 0x0000000765a00000| PB 0x0000000765a00000| Untracked |  0
| 302|0x0000000765c00000, 0x0000000765e00000, 0x0000000765e00000|100%| O|  |TAMS 0x0000000765c00000| PB 0x0000000765c00000| Untracked |  0
| 303|0x0000000765e00000, 0x0000000766000000, 0x0000000766000000|100%| O|  |TAMS 0x0000000765e00000| PB 0x0000000765e00000| Untracked |  0
| 304|0x0000000766000000, 0x0000000766200000, 0x0000000766200000|100%| O|  |TAMS 0x0000000766000000| PB 0x0000000766000000| Untracked |  0
| 305|0x0000000766200000, 0x0000000766400000, 0x0000000766400000|100%| O|  |TAMS 0x0000000766200000| PB 0x0000000766200000| Untracked |  0
| 306|0x0000000766400000, 0x0000000766600000, 0x0000000766600000|100%| O|  |TAMS 0x0000000766400000| PB 0x0000000766400000| Untracked |  0
| 307|0x0000000766600000, 0x0000000766800000, 0x0000000766800000|100%| O|  |TAMS 0x0000000766600000| PB 0x0000000766600000| Untracked |  0
| 308|0x0000000766800000, 0x0000000766a00000, 0x0000000766a00000|100%| O|  |TAMS 0x0000000766800000| PB 0x0000000766800000| Untracked |  0
| 309|0x0000000766a00000, 0x0000000766c00000, 0x0000000766c00000|100%| O|  |TAMS 0x0000000766a00000| PB 0x0000000766a00000| Untracked |  0
| 310|0x0000000766c00000, 0x0000000766e00000, 0x0000000766e00000|100%| O|  |TAMS 0x0000000766c00000| PB 0x0000000766c00000| Untracked |  0
| 311|0x0000000766e00000, 0x0000000767000000, 0x0000000767000000|100%| O|  |TAMS 0x0000000766e00000| PB 0x0000000766e00000| Untracked |  0
| 312|0x0000000767000000, 0x0000000767200000, 0x0000000767200000|100%| O|  |TAMS 0x0000000767000000| PB 0x0000000767000000| Untracked |  0
| 313|0x0000000767200000, 0x0000000767400000, 0x0000000767400000|100%| O|  |TAMS 0x0000000767200000| PB 0x0000000767200000| Untracked |  0
| 314|0x0000000767400000, 0x0000000767600000, 0x0000000767600000|100%| O|  |TAMS 0x0000000767400000| PB 0x0000000767400000| Untracked |  0
| 315|0x0000000767600000, 0x0000000767800000, 0x0000000767800000|100%| O|  |TAMS 0x0000000767600000| PB 0x0000000767600000| Untracked |  0
| 316|0x0000000767800000, 0x0000000767a00000, 0x0000000767a00000|100%| O|  |TAMS 0x0000000767800000| PB 0x0000000767800000| Untracked |  0
| 317|0x0000000767a00000, 0x0000000767c00000, 0x0000000767c00000|100%| O|  |TAMS 0x0000000767a00000| PB 0x0000000767a00000| Untracked |  0
| 318|0x0000000767c00000, 0x0000000767e00000, 0x0000000767e00000|100%| O|  |TAMS 0x0000000767c00000| PB 0x0000000767c00000| Untracked |  0
| 319|0x0000000767e00000, 0x0000000768000000, 0x0000000768000000|100%| O|  |TAMS 0x0000000767e00000| PB 0x0000000767e00000| Untracked |  0
| 320|0x0000000768000000, 0x0000000768200000, 0x0000000768200000|100%| O|  |TAMS 0x0000000768000000| PB 0x0000000768000000| Untracked |  0
| 321|0x0000000768200000, 0x0000000768400000, 0x0000000768400000|100%| O|  |TAMS 0x0000000768200000| PB 0x0000000768200000| Untracked |  0
| 322|0x0000000768400000, 0x0000000768600000, 0x0000000768600000|100%| O|  |TAMS 0x0000000768400000| PB 0x0000000768400000| Untracked |  0
| 323|0x0000000768600000, 0x0000000768800000, 0x0000000768800000|100%| O|  |TAMS 0x0000000768600000| PB 0x0000000768600000| Untracked |  0
| 324|0x0000000768800000, 0x0000000768a00000, 0x0000000768a00000|100%| O|  |TAMS 0x0000000768800000| PB 0x0000000768800000| Untracked |  0
| 325|0x0000000768a00000, 0x0000000768a00000, 0x0000000768c00000|  0%| F|  |TAMS 0x0000000768a00000| PB 0x0000000768a00000| Untracked |  0
| 326|0x0000000768c00000, 0x0000000768e00000, 0x0000000768e00000|100%| O|  |TAMS 0x0000000768c00000| PB 0x0000000768c00000| Untracked |  0
| 327|0x0000000768e00000, 0x0000000769000000, 0x0000000769000000|100%| O|  |TAMS 0x0000000768e00000| PB 0x0000000768e00000| Untracked |  0
| 328|0x0000000769000000, 0x0000000769000000, 0x0000000769200000|  0%| F|  |TAMS 0x0000000769000000| PB 0x0000000769000000| Untracked |  0
| 329|0x0000000769200000, 0x0000000769200000, 0x0000000769400000|  0%| F|  |TAMS 0x0000000769200000| PB 0x0000000769200000| Untracked |  0
| 330|0x0000000769400000, 0x0000000769600000, 0x0000000769600000|100%| O|  |TAMS 0x0000000769400000| PB 0x0000000769400000| Untracked |  0
| 331|0x0000000769600000, 0x0000000769600000, 0x0000000769800000|  0%| F|  |TAMS 0x0000000769600000| PB 0x0000000769600000| Untracked |  0
| 332|0x0000000769800000, 0x0000000769800000, 0x0000000769a00000|  0%| F|  |TAMS 0x0000000769800000| PB 0x0000000769800000| Untracked |  0
| 333|0x0000000769a00000, 0x0000000769a00000, 0x0000000769c00000|  0%| F|  |TAMS 0x0000000769a00000| PB 0x0000000769a00000| Untracked |  0
| 334|0x0000000769c00000, 0x0000000769c00000, 0x0000000769e00000|  0%| F|  |TAMS 0x0000000769c00000| PB 0x0000000769c00000| Untracked |  0
| 335|0x0000000769e00000, 0x0000000769e00000, 0x000000076a000000|  0%| F|  |TAMS 0x0000000769e00000| PB 0x0000000769e00000| Untracked |  0
| 336|0x000000076a000000, 0x000000076a000000, 0x000000076a200000|  0%| F|  |TAMS 0x000000076a000000| PB 0x000000076a000000| Untracked |  0
| 337|0x000000076a200000, 0x000000076a200000, 0x000000076a400000|  0%| F|  |TAMS 0x000000076a200000| PB 0x000000076a200000| Untracked |  0
| 338|0x000000076a400000, 0x000000076a400000, 0x000000076a600000|  0%| F|  |TAMS 0x000000076a400000| PB 0x000000076a400000| Untracked |  0
| 339|0x000000076a600000, 0x000000076a600000, 0x000000076a800000|  0%| F|  |TAMS 0x000000076a600000| PB 0x000000076a600000| Untracked |  0
| 340|0x000000076a800000, 0x000000076a800000, 0x000000076aa00000|  0%| F|  |TAMS 0x000000076a800000| PB 0x000000076a800000| Untracked |  0
| 341|0x000000076aa00000, 0x000000076aa00000, 0x000000076ac00000|  0%| F|  |TAMS 0x000000076aa00000| PB 0x000000076aa00000| Untracked |  0
| 342|0x000000076ac00000, 0x000000076ac00000, 0x000000076ae00000|  0%| F|  |TAMS 0x000000076ac00000| PB 0x000000076ac00000| Untracked |  0
| 343|0x000000076ae00000, 0x000000076ae00000, 0x000000076b000000|  0%| F|  |TAMS 0x000000076ae00000| PB 0x000000076ae00000| Untracked |  0
| 344|0x000000076b000000, 0x000000076b000000, 0x000000076b200000|  0%| F|  |TAMS 0x000000076b000000| PB 0x000000076b000000| Untracked |  0
| 345|0x000000076b200000, 0x000000076b200000, 0x000000076b400000|  0%| F|  |TAMS 0x000000076b200000| PB 0x000000076b200000| Untracked |  0
| 346|0x000000076b400000, 0x000000076b600000, 0x000000076b600000|100%| S|CS|TAMS 0x000000076b400000| PB 0x000000076b400000| Complete |  0
| 347|0x000000076b600000, 0x000000076b800000, 0x000000076b800000|100%| S|CS|TAMS 0x000000076b600000| PB 0x000000076b600000| Complete |  0
| 348|0x000000076b800000, 0x000000076ba00000, 0x000000076ba00000|100%| S|CS|TAMS 0x000000076b800000| PB 0x000000076b800000| Complete |  0
| 349|0x000000076ba00000, 0x000000076bc00000, 0x000000076bc00000|100%| S|CS|TAMS 0x000000076ba00000| PB 0x000000076ba00000| Complete |  0
| 350|0x000000076bc00000, 0x000000076be00000, 0x000000076be00000|100%| S|CS|TAMS 0x000000076bc00000| PB 0x000000076bc00000| Complete |  0
| 351|0x000000076be00000, 0x000000076c000000, 0x000000076c000000|100%| S|CS|TAMS 0x000000076be00000| PB 0x000000076be00000| Complete |  0
| 352|0x000000076c000000, 0x000000076c200000, 0x000000076c200000|100%| S|CS|TAMS 0x000000076c000000| PB 0x000000076c000000| Complete |  0
| 353|0x000000076c200000, 0x000000076c400000, 0x000000076c400000|100%| S|CS|TAMS 0x000000076c200000| PB 0x000000076c200000| Complete |  0
| 354|0x000000076c400000, 0x000000076c600000, 0x000000076c600000|100%| S|CS|TAMS 0x000000076c400000| PB 0x000000076c400000| Complete |  0
| 355|0x000000076c600000, 0x000000076c800000, 0x000000076c800000|100%| S|CS|TAMS 0x000000076c600000| PB 0x000000076c600000| Complete |  0
| 356|0x000000076c800000, 0x000000076c800000, 0x000000076ca00000|  0%| F|  |TAMS 0x000000076c800000| PB 0x000000076c800000| Untracked |  0
| 357|0x000000076ca00000, 0x000000076ca00000, 0x000000076cc00000|  0%| F|  |TAMS 0x000000076ca00000| PB 0x000000076ca00000| Untracked |  0
| 358|0x000000076cc00000, 0x000000076cc00000, 0x000000076ce00000|  0%| F|  |TAMS 0x000000076cc00000| PB 0x000000076cc00000| Untracked |  0
| 359|0x000000076ce00000, 0x000000076ce00000, 0x000000076d000000|  0%| F|  |TAMS 0x000000076ce00000| PB 0x000000076ce00000| Untracked |  0
| 360|0x000000076d000000, 0x000000076d000000, 0x000000076d200000|  0%| F|  |TAMS 0x000000076d000000| PB 0x000000076d000000| Untracked |  0
| 361|0x000000076d200000, 0x000000076d200000, 0x000000076d400000|  0%| F|  |TAMS 0x000000076d200000| PB 0x000000076d200000| Untracked |  0
| 362|0x000000076d400000, 0x000000076d400000, 0x000000076d600000|  0%| F|  |TAMS 0x000000076d400000| PB 0x000000076d400000| Untracked |  0
| 363|0x000000076d600000, 0x000000076d600000, 0x000000076d800000|  0%| F|  |TAMS 0x000000076d600000| PB 0x000000076d600000| Untracked |  0
| 364|0x000000076d800000, 0x000000076d800000, 0x000000076da00000|  0%| F|  |TAMS 0x000000076d800000| PB 0x000000076d800000| Untracked |  0
| 365|0x000000076da00000, 0x000000076da00000, 0x000000076dc00000|  0%| F|  |TAMS 0x000000076da00000| PB 0x000000076da00000| Untracked |  0
| 366|0x000000076dc00000, 0x000000076dc00000, 0x000000076de00000|  0%| F|  |TAMS 0x000000076dc00000| PB 0x000000076dc00000| Untracked |  0
| 367|0x000000076de00000, 0x000000076de00000, 0x000000076e000000|  0%| F|  |TAMS 0x000000076de00000| PB 0x000000076de00000| Untracked |  0
| 368|0x000000076e000000, 0x000000076e000000, 0x000000076e200000|  0%| F|  |TAMS 0x000000076e000000| PB 0x000000076e000000| Untracked |  0
| 369|0x000000076e200000, 0x000000076e200000, 0x000000076e400000|  0%| F|  |TAMS 0x000000076e200000| PB 0x000000076e200000| Untracked |  0
| 370|0x000000076e400000, 0x000000076e400000, 0x000000076e600000|  0%| F|  |TAMS 0x000000076e400000| PB 0x000000076e400000| Untracked |  0
| 371|0x000000076e600000, 0x000000076e600000, 0x000000076e800000|  0%| F|  |TAMS 0x000000076e600000| PB 0x000000076e600000| Untracked |  0
| 372|0x000000076e800000, 0x000000076e800000, 0x000000076ea00000|  0%| F|  |TAMS 0x000000076e800000| PB 0x000000076e800000| Untracked |  0
| 373|0x000000076ea00000, 0x000000076ea00000, 0x000000076ec00000|  0%| F|  |TAMS 0x000000076ea00000| PB 0x000000076ea00000| Untracked |  0
| 374|0x000000076ec00000, 0x000000076ec00000, 0x000000076ee00000|  0%| F|  |TAMS 0x000000076ec00000| PB 0x000000076ec00000| Untracked |  0
| 375|0x000000076ee00000, 0x000000076ee00000, 0x000000076f000000|  0%| F|  |TAMS 0x000000076ee00000| PB 0x000000076ee00000| Untracked |  0
| 376|0x000000076f000000, 0x000000076f000000, 0x000000076f200000|  0%| F|  |TAMS 0x000000076f000000| PB 0x000000076f000000| Untracked |  0
| 377|0x000000076f200000, 0x000000076f200000, 0x000000076f400000|  0%| F|  |TAMS 0x000000076f200000| PB 0x000000076f200000| Untracked |  0
| 378|0x000000076f400000, 0x000000076f400000, 0x000000076f600000|  0%| F|  |TAMS 0x000000076f400000| PB 0x000000076f400000| Untracked |  0
| 379|0x000000076f600000, 0x000000076f600000, 0x000000076f800000|  0%| F|  |TAMS 0x000000076f600000| PB 0x000000076f600000| Untracked |  0
| 380|0x000000076f800000, 0x000000076f800000, 0x000000076fa00000|  0%| F|  |TAMS 0x000000076f800000| PB 0x000000076f800000| Untracked |  0
| 381|0x000000076fa00000, 0x000000076fa00000, 0x000000076fc00000|  0%| F|  |TAMS 0x000000076fa00000| PB 0x000000076fa00000| Untracked |  0
| 382|0x000000076fc00000, 0x000000076fc00000, 0x000000076fe00000|  0%| F|  |TAMS 0x000000076fc00000| PB 0x000000076fc00000| Untracked |  0
| 383|0x000000076fe00000, 0x000000076fe00000, 0x0000000770000000|  0%| F|  |TAMS 0x000000076fe00000| PB 0x000000076fe00000| Untracked |  0
| 384|0x0000000770000000, 0x0000000770000000, 0x0000000770200000|  0%| F|  |TAMS 0x0000000770000000| PB 0x0000000770000000| Untracked |  0
| 385|0x0000000770200000, 0x0000000770200000, 0x0000000770400000|  0%| F|  |TAMS 0x0000000770200000| PB 0x0000000770200000| Untracked |  0
| 386|0x0000000770400000, 0x0000000770400000, 0x0000000770600000|  0%| F|  |TAMS 0x0000000770400000| PB 0x0000000770400000| Untracked |  0
| 387|0x0000000770600000, 0x0000000770600000, 0x0000000770800000|  0%| F|  |TAMS 0x0000000770600000| PB 0x0000000770600000| Untracked |  0
| 388|0x0000000770800000, 0x0000000770800000, 0x0000000770a00000|  0%| F|  |TAMS 0x0000000770800000| PB 0x0000000770800000| Untracked |  0
| 389|0x0000000770a00000, 0x0000000770a00000, 0x0000000770c00000|  0%| F|  |TAMS 0x0000000770a00000| PB 0x0000000770a00000| Untracked |  0
| 390|0x0000000770c00000, 0x0000000770c00000, 0x0000000770e00000|  0%| F|  |TAMS 0x0000000770c00000| PB 0x0000000770c00000| Untracked |  0
| 391|0x0000000770e00000, 0x0000000770e00000, 0x0000000771000000|  0%| F|  |TAMS 0x0000000770e00000| PB 0x0000000770e00000| Untracked |  0
| 392|0x0000000771000000, 0x0000000771000000, 0x0000000771200000|  0%| F|  |TAMS 0x0000000771000000| PB 0x0000000771000000| Untracked |  0
| 393|0x0000000771200000, 0x0000000771200000, 0x0000000771400000|  0%| F|  |TAMS 0x0000000771200000| PB 0x0000000771200000| Untracked |  0
| 394|0x0000000771400000, 0x0000000771400000, 0x0000000771600000|  0%| F|  |TAMS 0x0000000771400000| PB 0x0000000771400000| Untracked |  0
| 395|0x0000000771600000, 0x0000000771600000, 0x0000000771800000|  0%| F|  |TAMS 0x0000000771600000| PB 0x0000000771600000| Untracked |  0
| 396|0x0000000771800000, 0x0000000771800000, 0x0000000771a00000|  0%| F|  |TAMS 0x0000000771800000| PB 0x0000000771800000| Untracked |  0
| 397|0x0000000771a00000, 0x0000000771a00000, 0x0000000771c00000|  0%| F|  |TAMS 0x0000000771a00000| PB 0x0000000771a00000| Untracked |  0
| 398|0x0000000771c00000, 0x0000000771c00000, 0x0000000771e00000|  0%| F|  |TAMS 0x0000000771c00000| PB 0x0000000771c00000| Untracked |  0
| 399|0x0000000771e00000, 0x0000000771e00000, 0x0000000772000000|  0%| F|  |TAMS 0x0000000771e00000| PB 0x0000000771e00000| Untracked |  0
| 400|0x0000000772000000, 0x0000000772000000, 0x0000000772200000|  0%| F|  |TAMS 0x0000000772000000| PB 0x0000000772000000| Untracked |  0
| 401|0x0000000772200000, 0x0000000772200000, 0x0000000772400000|  0%| F|  |TAMS 0x0000000772200000| PB 0x0000000772200000| Untracked |  0
| 402|0x0000000772400000, 0x0000000772400000, 0x0000000772600000|  0%| F|  |TAMS 0x0000000772400000| PB 0x0000000772400000| Untracked |  0
| 403|0x0000000772600000, 0x0000000772600000, 0x0000000772800000|  0%| F|  |TAMS 0x0000000772600000| PB 0x0000000772600000| Untracked |  0
| 404|0x0000000772800000, 0x0000000772800000, 0x0000000772a00000|  0%| F|  |TAMS 0x0000000772800000| PB 0x0000000772800000| Untracked |  0
| 405|0x0000000772a00000, 0x0000000772a00000, 0x0000000772c00000|  0%| F|  |TAMS 0x0000000772a00000| PB 0x0000000772a00000| Untracked |  0
| 406|0x0000000772c00000, 0x0000000772c00000, 0x0000000772e00000|  0%| F|  |TAMS 0x0000000772c00000| PB 0x0000000772c00000| Untracked |  0
| 407|0x0000000772e00000, 0x0000000772e00000, 0x0000000773000000|  0%| F|  |TAMS 0x0000000772e00000| PB 0x0000000772e00000| Untracked |  0
| 408|0x0000000773000000, 0x0000000773000000, 0x0000000773200000|  0%| F|  |TAMS 0x0000000773000000| PB 0x0000000773000000| Untracked |  0
| 409|0x0000000773200000, 0x0000000773200000, 0x0000000773400000|  0%| F|  |TAMS 0x0000000773200000| PB 0x0000000773200000| Untracked |  0
| 410|0x0000000773400000, 0x0000000773400000, 0x0000000773600000|  0%| F|  |TAMS 0x0000000773400000| PB 0x0000000773400000| Untracked |  0
| 411|0x0000000773600000, 0x0000000773600000, 0x0000000773800000|  0%| F|  |TAMS 0x0000000773600000| PB 0x0000000773600000| Untracked |  0
| 412|0x0000000773800000, 0x0000000773800000, 0x0000000773a00000|  0%| F|  |TAMS 0x0000000773800000| PB 0x0000000773800000| Untracked |  0
| 413|0x0000000773a00000, 0x0000000773a00000, 0x0000000773c00000|  0%| F|  |TAMS 0x0000000773a00000| PB 0x0000000773a00000| Untracked |  0
| 414|0x0000000773c00000, 0x0000000773c00000, 0x0000000773e00000|  0%| F|  |TAMS 0x0000000773c00000| PB 0x0000000773c00000| Untracked |  0
| 415|0x0000000773e00000, 0x0000000773e00000, 0x0000000774000000|  0%| F|  |TAMS 0x0000000773e00000| PB 0x0000000773e00000| Untracked |  0
| 416|0x0000000774000000, 0x0000000774000000, 0x0000000774200000|  0%| F|  |TAMS 0x0000000774000000| PB 0x0000000774000000| Untracked |  0
| 417|0x0000000774200000, 0x0000000774200000, 0x0000000774400000|  0%| F|  |TAMS 0x0000000774200000| PB 0x0000000774200000| Untracked |  0
| 418|0x0000000774400000, 0x0000000774400000, 0x0000000774600000|  0%| F|  |TAMS 0x0000000774400000| PB 0x0000000774400000| Untracked |  0
| 419|0x0000000774600000, 0x0000000774600000, 0x0000000774800000|  0%| F|  |TAMS 0x0000000774600000| PB 0x0000000774600000| Untracked |  0
| 420|0x0000000774800000, 0x0000000774800000, 0x0000000774a00000|  0%| F|  |TAMS 0x0000000774800000| PB 0x0000000774800000| Untracked |  0
| 421|0x0000000774a00000, 0x0000000774a00000, 0x0000000774c00000|  0%| F|  |TAMS 0x0000000774a00000| PB 0x0000000774a00000| Untracked |  0
| 422|0x0000000774c00000, 0x0000000774c00000, 0x0000000774e00000|  0%| F|  |TAMS 0x0000000774c00000| PB 0x0000000774c00000| Untracked |  0
| 423|0x0000000774e00000, 0x0000000774e00000, 0x0000000775000000|  0%| F|  |TAMS 0x0000000774e00000| PB 0x0000000774e00000| Untracked |  0
| 424|0x0000000775000000, 0x0000000775000000, 0x0000000775200000|  0%| F|  |TAMS 0x0000000775000000| PB 0x0000000775000000| Untracked |  0
| 425|0x0000000775200000, 0x0000000775200000, 0x0000000775400000|  0%| F|  |TAMS 0x0000000775200000| PB 0x0000000775200000| Untracked |  0
| 426|0x0000000775400000, 0x0000000775400000, 0x0000000775600000|  0%| F|  |TAMS 0x0000000775400000| PB 0x0000000775400000| Untracked |  0
| 427|0x0000000775600000, 0x0000000775600000, 0x0000000775800000|  0%| F|  |TAMS 0x0000000775600000| PB 0x0000000775600000| Untracked |  0
| 428|0x0000000775800000, 0x0000000775800000, 0x0000000775a00000|  0%| F|  |TAMS 0x0000000775800000| PB 0x0000000775800000| Untracked |  0
| 429|0x0000000775a00000, 0x0000000775a00000, 0x0000000775c00000|  0%| F|  |TAMS 0x0000000775a00000| PB 0x0000000775a00000| Untracked |  0
| 430|0x0000000775c00000, 0x0000000775c00000, 0x0000000775e00000|  0%| F|  |TAMS 0x0000000775c00000| PB 0x0000000775c00000| Untracked |  0
| 431|0x0000000775e00000, 0x0000000775e00000, 0x0000000776000000|  0%| F|  |TAMS 0x0000000775e00000| PB 0x0000000775e00000| Untracked |  0
| 432|0x0000000776000000, 0x0000000776000000, 0x0000000776200000|  0%| F|  |TAMS 0x0000000776000000| PB 0x0000000776000000| Untracked |  0
| 433|0x0000000776200000, 0x0000000776200000, 0x0000000776400000|  0%| F|  |TAMS 0x0000000776200000| PB 0x0000000776200000| Untracked |  0
| 434|0x0000000776400000, 0x0000000776400000, 0x0000000776600000|  0%| F|  |TAMS 0x0000000776400000| PB 0x0000000776400000| Untracked |  0
| 435|0x0000000776600000, 0x0000000776600000, 0x0000000776800000|  0%| F|  |TAMS 0x0000000776600000| PB 0x0000000776600000| Untracked |  0
| 436|0x0000000776800000, 0x0000000776800000, 0x0000000776a00000|  0%| F|  |TAMS 0x0000000776800000| PB 0x0000000776800000| Untracked |  0
| 437|0x0000000776a00000, 0x0000000776a00000, 0x0000000776c00000|  0%| F|  |TAMS 0x0000000776a00000| PB 0x0000000776a00000| Untracked |  0
| 438|0x0000000776c00000, 0x0000000776c00000, 0x0000000776e00000|  0%| F|  |TAMS 0x0000000776c00000| PB 0x0000000776c00000| Untracked |  0
| 439|0x0000000776e00000, 0x0000000776e00000, 0x0000000777000000|  0%| F|  |TAMS 0x0000000776e00000| PB 0x0000000776e00000| Untracked |  0
| 440|0x0000000777000000, 0x0000000777000000, 0x0000000777200000|  0%| F|  |TAMS 0x0000000777000000| PB 0x0000000777000000| Untracked |  0
| 441|0x0000000777200000, 0x0000000777200000, 0x0000000777400000|  0%| F|  |TAMS 0x0000000777200000| PB 0x0000000777200000| Untracked |  0
| 442|0x0000000777400000, 0x0000000777400000, 0x0000000777600000|  0%| F|  |TAMS 0x0000000777400000| PB 0x0000000777400000| Untracked |  0
| 443|0x0000000777600000, 0x0000000777600000, 0x0000000777800000|  0%| F|  |TAMS 0x0000000777600000| PB 0x0000000777600000| Untracked |  0
| 444|0x0000000777800000, 0x0000000777800000, 0x0000000777a00000|  0%| F|  |TAMS 0x0000000777800000| PB 0x0000000777800000| Untracked |  0
| 445|0x0000000777a00000, 0x0000000777a00000, 0x0000000777c00000|  0%| F|  |TAMS 0x0000000777a00000| PB 0x0000000777a00000| Untracked |  0
| 446|0x0000000777c00000, 0x0000000777c00000, 0x0000000777e00000|  0%| F|  |TAMS 0x0000000777c00000| PB 0x0000000777c00000| Untracked |  0
| 447|0x0000000777e00000, 0x0000000777e00000, 0x0000000778000000|  0%| F|  |TAMS 0x0000000777e00000| PB 0x0000000777e00000| Untracked |  0
| 448|0x0000000778000000, 0x0000000778000000, 0x0000000778200000|  0%| F|  |TAMS 0x0000000778000000| PB 0x0000000778000000| Untracked |  0
| 449|0x0000000778200000, 0x0000000778200000, 0x0000000778400000|  0%| F|  |TAMS 0x0000000778200000| PB 0x0000000778200000| Untracked |  0
| 450|0x0000000778400000, 0x0000000778400000, 0x0000000778600000|  0%| F|  |TAMS 0x0000000778400000| PB 0x0000000778400000| Untracked |  0
| 451|0x0000000778600000, 0x0000000778600000, 0x0000000778800000|  0%| F|  |TAMS 0x0000000778600000| PB 0x0000000778600000| Untracked |  0
| 452|0x0000000778800000, 0x0000000778800000, 0x0000000778a00000|  0%| F|  |TAMS 0x0000000778800000| PB 0x0000000778800000| Untracked |  0
| 453|0x0000000778a00000, 0x0000000778a00000, 0x0000000778c00000|  0%| F|  |TAMS 0x0000000778a00000| PB 0x0000000778a00000| Untracked |  0
| 454|0x0000000778c00000, 0x0000000778c00000, 0x0000000778e00000|  0%| F|  |TAMS 0x0000000778c00000| PB 0x0000000778c00000| Untracked |  0
| 455|0x0000000778e00000, 0x0000000778e00000, 0x0000000779000000|  0%| F|  |TAMS 0x0000000778e00000| PB 0x0000000778e00000| Untracked |  0
| 456|0x0000000779000000, 0x0000000779000000, 0x0000000779200000|  0%| F|  |TAMS 0x0000000779000000| PB 0x0000000779000000| Untracked |  0
| 457|0x0000000779200000, 0x0000000779200000, 0x0000000779400000|  0%| F|  |TAMS 0x0000000779200000| PB 0x0000000779200000| Untracked |  0
| 458|0x0000000779400000, 0x0000000779400000, 0x0000000779600000|  0%| F|  |TAMS 0x0000000779400000| PB 0x0000000779400000| Untracked |  0
| 459|0x0000000779600000, 0x0000000779600000, 0x0000000779800000|  0%| F|  |TAMS 0x0000000779600000| PB 0x0000000779600000| Untracked |  0
| 460|0x0000000779800000, 0x0000000779800000, 0x0000000779a00000|  0%| F|  |TAMS 0x0000000779800000| PB 0x0000000779800000| Untracked |  0
| 461|0x0000000779a00000, 0x0000000779a00000, 0x0000000779c00000|  0%| F|  |TAMS 0x0000000779a00000| PB 0x0000000779a00000| Untracked |  0
| 462|0x0000000779c00000, 0x0000000779c00000, 0x0000000779e00000|  0%| F|  |TAMS 0x0000000779c00000| PB 0x0000000779c00000| Untracked |  0
| 463|0x0000000779e00000, 0x0000000779e00000, 0x000000077a000000|  0%| F|  |TAMS 0x0000000779e00000| PB 0x0000000779e00000| Untracked |  0
| 464|0x000000077a000000, 0x000000077a000000, 0x000000077a200000|  0%| F|  |TAMS 0x000000077a000000| PB 0x000000077a000000| Untracked |  0
| 465|0x000000077a200000, 0x000000077a200000, 0x000000077a400000|  0%| F|  |TAMS 0x000000077a200000| PB 0x000000077a200000| Untracked |  0
| 466|0x000000077a400000, 0x000000077a400000, 0x000000077a600000|  0%| F|  |TAMS 0x000000077a400000| PB 0x000000077a400000| Untracked |  0
| 467|0x000000077a600000, 0x000000077a600000, 0x000000077a800000|  0%| F|  |TAMS 0x000000077a600000| PB 0x000000077a600000| Untracked |  0
| 468|0x000000077a800000, 0x000000077a800000, 0x000000077aa00000|  0%| F|  |TAMS 0x000000077a800000| PB 0x000000077a800000| Untracked |  0
| 469|0x000000077aa00000, 0x000000077aa00000, 0x000000077ac00000|  0%| F|  |TAMS 0x000000077aa00000| PB 0x000000077aa00000| Untracked |  0
| 470|0x000000077ac00000, 0x000000077ac00000, 0x000000077ae00000|  0%| F|  |TAMS 0x000000077ac00000| PB 0x000000077ac00000| Untracked |  0
| 471|0x000000077ae00000, 0x000000077ae00000, 0x000000077b000000|  0%| F|  |TAMS 0x000000077ae00000| PB 0x000000077ae00000| Untracked |  0
| 472|0x000000077b000000, 0x000000077b000000, 0x000000077b200000|  0%| F|  |TAMS 0x000000077b000000| PB 0x000000077b000000| Untracked |  0
| 473|0x000000077b200000, 0x000000077b200000, 0x000000077b400000|  0%| F|  |TAMS 0x000000077b200000| PB 0x000000077b200000| Untracked |  0
| 474|0x000000077b400000, 0x000000077b400000, 0x000000077b600000|  0%| F|  |TAMS 0x000000077b400000| PB 0x000000077b400000| Untracked |  0
| 475|0x000000077b600000, 0x000000077b600000, 0x000000077b800000|  0%| F|  |TAMS 0x000000077b600000| PB 0x000000077b600000| Untracked |  0
| 476|0x000000077b800000, 0x000000077b800000, 0x000000077ba00000|  0%| F|  |TAMS 0x000000077b800000| PB 0x000000077b800000| Untracked |  0
| 477|0x000000077ba00000, 0x000000077ba00000, 0x000000077bc00000|  0%| F|  |TAMS 0x000000077ba00000| PB 0x000000077ba00000| Untracked |  0
| 478|0x000000077bc00000, 0x000000077bc00000, 0x000000077be00000|  0%| F|  |TAMS 0x000000077bc00000| PB 0x000000077bc00000| Untracked |  0
| 479|0x000000077be00000, 0x000000077be00000, 0x000000077c000000|  0%| F|  |TAMS 0x000000077be00000| PB 0x000000077be00000| Untracked |  0
| 480|0x000000077c000000, 0x000000077c000000, 0x000000077c200000|  0%| F|  |TAMS 0x000000077c000000| PB 0x000000077c000000| Untracked |  0
| 481|0x000000077c200000, 0x000000077c200000, 0x000000077c400000|  0%| F|  |TAMS 0x000000077c200000| PB 0x000000077c200000| Untracked |  0
| 482|0x000000077c400000, 0x000000077c400000, 0x000000077c600000|  0%| F|  |TAMS 0x000000077c400000| PB 0x000000077c400000| Untracked |  0
| 483|0x000000077c600000, 0x000000077c600000, 0x000000077c800000|  0%| F|  |TAMS 0x000000077c600000| PB 0x000000077c600000| Untracked |  0
| 484|0x000000077c800000, 0x000000077c800000, 0x000000077ca00000|  0%| F|  |TAMS 0x000000077c800000| PB 0x000000077c800000| Untracked |  0
| 485|0x000000077ca00000, 0x000000077ca00000, 0x000000077cc00000|  0%| F|  |TAMS 0x000000077ca00000| PB 0x000000077ca00000| Untracked |  0
| 486|0x000000077cc00000, 0x000000077cc00000, 0x000000077ce00000|  0%| F|  |TAMS 0x000000077cc00000| PB 0x000000077cc00000| Untracked |  0
| 487|0x000000077ce00000, 0x000000077ce00000, 0x000000077d000000|  0%| F|  |TAMS 0x000000077ce00000| PB 0x000000077ce00000| Untracked |  0
| 488|0x000000077d000000, 0x000000077d000000, 0x000000077d200000|  0%| F|  |TAMS 0x000000077d000000| PB 0x000000077d000000| Untracked |  0
| 489|0x000000077d200000, 0x000000077d200000, 0x000000077d400000|  0%| F|  |TAMS 0x000000077d200000| PB 0x000000077d200000| Untracked |  0
| 490|0x000000077d400000, 0x000000077d400000, 0x000000077d600000|  0%| F|  |TAMS 0x000000077d400000| PB 0x000000077d400000| Untracked |  0
| 491|0x000000077d600000, 0x000000077d600000, 0x000000077d800000|  0%| F|  |TAMS 0x000000077d600000| PB 0x000000077d600000| Untracked |  0
| 492|0x000000077d800000, 0x000000077d800000, 0x000000077da00000|  0%| F|  |TAMS 0x000000077d800000| PB 0x000000077d800000| Untracked |  0
| 493|0x000000077da00000, 0x000000077da00000, 0x000000077dc00000|  0%| F|  |TAMS 0x000000077da00000| PB 0x000000077da00000| Untracked |  0
| 494|0x000000077dc00000, 0x000000077dc00000, 0x000000077de00000|  0%| F|  |TAMS 0x000000077dc00000| PB 0x000000077dc00000| Untracked |  0
| 495|0x000000077de00000, 0x000000077de00000, 0x000000077e000000|  0%| F|  |TAMS 0x000000077de00000| PB 0x000000077de00000| Untracked |  0
| 496|0x000000077e000000, 0x000000077e000000, 0x000000077e200000|  0%| F|  |TAMS 0x000000077e000000| PB 0x000000077e000000| Untracked |  0
| 497|0x000000077e200000, 0x000000077e200000, 0x000000077e400000|  0%| F|  |TAMS 0x000000077e200000| PB 0x000000077e200000| Untracked |  0
| 498|0x000000077e400000, 0x000000077e400000, 0x000000077e600000|  0%| F|  |TAMS 0x000000077e400000| PB 0x000000077e400000| Untracked |  0
| 499|0x000000077e600000, 0x000000077e600000, 0x000000077e800000|  0%| F|  |TAMS 0x000000077e600000| PB 0x000000077e600000| Untracked |  0
| 500|0x000000077e800000, 0x000000077e800000, 0x000000077ea00000|  0%| F|  |TAMS 0x000000077e800000| PB 0x000000077e800000| Untracked |  0
| 501|0x000000077ea00000, 0x000000077ea00000, 0x000000077ec00000|  0%| F|  |TAMS 0x000000077ea00000| PB 0x000000077ea00000| Untracked |  0
| 502|0x000000077ec00000, 0x000000077ec00000, 0x000000077ee00000|  0%| F|  |TAMS 0x000000077ec00000| PB 0x000000077ec00000| Untracked |  0
| 503|0x000000077ee00000, 0x000000077ee00000, 0x000000077f000000|  0%| F|  |TAMS 0x000000077ee00000| PB 0x000000077ee00000| Untracked |  0
| 504|0x000000077f000000, 0x000000077f000000, 0x000000077f200000|  0%| F|  |TAMS 0x000000077f000000| PB 0x000000077f000000| Untracked |  0
| 505|0x000000077f200000, 0x000000077f200000, 0x000000077f400000|  0%| F|  |TAMS 0x000000077f200000| PB 0x000000077f200000| Untracked |  0
| 506|0x000000077f400000, 0x000000077f400000, 0x000000077f600000|  0%| F|  |TAMS 0x000000077f400000| PB 0x000000077f400000| Untracked |  0
| 507|0x000000077f600000, 0x000000077f600000, 0x000000077f800000|  0%| F|  |TAMS 0x000000077f600000| PB 0x000000077f600000| Untracked |  0
| 508|0x000000077f800000, 0x000000077f800000, 0x000000077fa00000|  0%| F|  |TAMS 0x000000077f800000| PB 0x000000077f800000| Untracked |  0
| 509|0x000000077fa00000, 0x000000077fa00000, 0x000000077fc00000|  0%| F|  |TAMS 0x000000077fa00000| PB 0x000000077fa00000| Untracked |  0
| 510|0x000000077fc00000, 0x000000077fc00000, 0x000000077fe00000|  0%| F|  |TAMS 0x000000077fc00000| PB 0x000000077fc00000| Untracked |  0
| 511|0x000000077fe00000, 0x000000077fe00000, 0x0000000780000000|  0%| F|  |TAMS 0x000000077fe00000| PB 0x000000077fe00000| Untracked |  0
| 512|0x0000000780000000, 0x0000000780000000, 0x0000000780200000|  0%| F|  |TAMS 0x0000000780000000| PB 0x0000000780000000| Untracked |  0
| 513|0x0000000780200000, 0x0000000780200000, 0x0000000780400000|  0%| F|  |TAMS 0x0000000780200000| PB 0x0000000780200000| Untracked |  0
| 514|0x0000000780400000, 0x0000000780400000, 0x0000000780600000|  0%| F|  |TAMS 0x0000000780400000| PB 0x0000000780400000| Untracked |  0
| 515|0x0000000780600000, 0x0000000780600000, 0x0000000780800000|  0%| F|  |TAMS 0x0000000780600000| PB 0x0000000780600000| Untracked |  0
| 516|0x0000000780800000, 0x0000000780800000, 0x0000000780a00000|  0%| F|  |TAMS 0x0000000780800000| PB 0x0000000780800000| Untracked |  0
| 517|0x0000000780a00000, 0x0000000780a00000, 0x0000000780c00000|  0%| F|  |TAMS 0x0000000780a00000| PB 0x0000000780a00000| Untracked |  0
| 518|0x0000000780c00000, 0x0000000780c00000, 0x0000000780e00000|  0%| F|  |TAMS 0x0000000780c00000| PB 0x0000000780c00000| Untracked |  0
| 519|0x0000000780e00000, 0x0000000780e00000, 0x0000000781000000|  0%| F|  |TAMS 0x0000000780e00000| PB 0x0000000780e00000| Untracked |  0
| 520|0x0000000781000000, 0x0000000781000000, 0x0000000781200000|  0%| F|  |TAMS 0x0000000781000000| PB 0x0000000781000000| Untracked |  0
| 521|0x0000000781200000, 0x0000000781200000, 0x0000000781400000|  0%| F|  |TAMS 0x0000000781200000| PB 0x0000000781200000| Untracked |  0
| 522|0x0000000781400000, 0x0000000781400000, 0x0000000781600000|  0%| F|  |TAMS 0x0000000781400000| PB 0x0000000781400000| Untracked |  0
| 523|0x0000000781600000, 0x0000000781600000, 0x0000000781800000|  0%| F|  |TAMS 0x0000000781600000| PB 0x0000000781600000| Untracked |  0
| 524|0x0000000781800000, 0x0000000781800000, 0x0000000781a00000|  0%| F|  |TAMS 0x0000000781800000| PB 0x0000000781800000| Untracked |  0
| 525|0x0000000781a00000, 0x0000000781a00000, 0x0000000781c00000|  0%| F|  |TAMS 0x0000000781a00000| PB 0x0000000781a00000| Untracked |  0
| 526|0x0000000781c00000, 0x0000000781c00000, 0x0000000781e00000|  0%| F|  |TAMS 0x0000000781c00000| PB 0x0000000781c00000| Untracked |  0
| 527|0x0000000781e00000, 0x0000000781e00000, 0x0000000782000000|  0%| F|  |TAMS 0x0000000781e00000| PB 0x0000000781e00000| Untracked |  0
| 528|0x0000000782000000, 0x0000000782000000, 0x0000000782200000|  0%| F|  |TAMS 0x0000000782000000| PB 0x0000000782000000| Untracked |  0
| 529|0x0000000782200000, 0x0000000782200000, 0x0000000782400000|  0%| F|  |TAMS 0x0000000782200000| PB 0x0000000782200000| Untracked |  0
| 530|0x0000000782400000, 0x0000000782400000, 0x0000000782600000|  0%| F|  |TAMS 0x0000000782400000| PB 0x0000000782400000| Untracked |  0
| 531|0x0000000782600000, 0x0000000782600000, 0x0000000782800000|  0%| F|  |TAMS 0x0000000782600000| PB 0x0000000782600000| Untracked |  0
| 532|0x0000000782800000, 0x0000000782800000, 0x0000000782a00000|  0%| F|  |TAMS 0x0000000782800000| PB 0x0000000782800000| Untracked |  0
| 533|0x0000000782a00000, 0x0000000782a00000, 0x0000000782c00000|  0%| F|  |TAMS 0x0000000782a00000| PB 0x0000000782a00000| Untracked |  0
| 534|0x0000000782c00000, 0x0000000782c00000, 0x0000000782e00000|  0%| F|  |TAMS 0x0000000782c00000| PB 0x0000000782c00000| Untracked |  0
| 535|0x0000000782e00000, 0x0000000782e00000, 0x0000000783000000|  0%| F|  |TAMS 0x0000000782e00000| PB 0x0000000782e00000| Untracked |  0
| 536|0x0000000783000000, 0x0000000783000000, 0x0000000783200000|  0%| F|  |TAMS 0x0000000783000000| PB 0x0000000783000000| Untracked |  0
| 537|0x0000000783200000, 0x0000000783200000, 0x0000000783400000|  0%| F|  |TAMS 0x0000000783200000| PB 0x0000000783200000| Untracked |  0
| 538|0x0000000783400000, 0x0000000783400000, 0x0000000783600000|  0%| F|  |TAMS 0x0000000783400000| PB 0x0000000783400000| Untracked |  0
| 539|0x0000000783600000, 0x0000000783600000, 0x0000000783800000|  0%| F|  |TAMS 0x0000000783600000| PB 0x0000000783600000| Untracked |  0
| 540|0x0000000783800000, 0x0000000783800000, 0x0000000783a00000|  0%| F|  |TAMS 0x0000000783800000| PB 0x0000000783800000| Untracked |  0
| 541|0x0000000783a00000, 0x0000000783a00000, 0x0000000783c00000|  0%| F|  |TAMS 0x0000000783a00000| PB 0x0000000783a00000| Untracked |  0
| 542|0x0000000783c00000, 0x0000000783c00000, 0x0000000783e00000|  0%| F|  |TAMS 0x0000000783c00000| PB 0x0000000783c00000| Untracked |  0
| 543|0x0000000783e00000, 0x0000000783e00000, 0x0000000784000000|  0%| F|  |TAMS 0x0000000783e00000| PB 0x0000000783e00000| Untracked |  0
| 544|0x0000000784000000, 0x0000000784000000, 0x0000000784200000|  0%| F|  |TAMS 0x0000000784000000| PB 0x0000000784000000| Untracked |  0
| 545|0x0000000784200000, 0x0000000784200000, 0x0000000784400000|  0%| F|  |TAMS 0x0000000784200000| PB 0x0000000784200000| Untracked |  0
| 546|0x0000000784400000, 0x0000000784400000, 0x0000000784600000|  0%| F|  |TAMS 0x0000000784400000| PB 0x0000000784400000| Untracked |  0
| 547|0x0000000784600000, 0x0000000784600000, 0x0000000784800000|  0%| F|  |TAMS 0x0000000784600000| PB 0x0000000784600000| Untracked |  0
| 548|0x0000000784800000, 0x0000000784800000, 0x0000000784a00000|  0%| F|  |TAMS 0x0000000784800000| PB 0x0000000784800000| Untracked |  0
| 549|0x0000000784a00000, 0x0000000784a00000, 0x0000000784c00000|  0%| F|  |TAMS 0x0000000784a00000| PB 0x0000000784a00000| Untracked |  0
| 550|0x0000000784c00000, 0x0000000784c00000, 0x0000000784e00000|  0%| F|  |TAMS 0x0000000784c00000| PB 0x0000000784c00000| Untracked |  0
| 551|0x0000000784e00000, 0x0000000784e00000, 0x0000000785000000|  0%| F|  |TAMS 0x0000000784e00000| PB 0x0000000784e00000| Untracked |  0
| 552|0x0000000785000000, 0x0000000785000000, 0x0000000785200000|  0%| F|  |TAMS 0x0000000785000000| PB 0x0000000785000000| Untracked |  0
| 553|0x0000000785200000, 0x0000000785200000, 0x0000000785400000|  0%| F|  |TAMS 0x0000000785200000| PB 0x0000000785200000| Untracked |  0
| 554|0x0000000785400000, 0x0000000785400000, 0x0000000785600000|  0%| F|  |TAMS 0x0000000785400000| PB 0x0000000785400000| Untracked |  0
| 555|0x0000000785600000, 0x0000000785600000, 0x0000000785800000|  0%| F|  |TAMS 0x0000000785600000| PB 0x0000000785600000| Untracked |  0
| 556|0x0000000785800000, 0x0000000785800000, 0x0000000785a00000|  0%| F|  |TAMS 0x0000000785800000| PB 0x0000000785800000| Untracked |  0
| 557|0x0000000785a00000, 0x0000000785a00000, 0x0000000785c00000|  0%| F|  |TAMS 0x0000000785a00000| PB 0x0000000785a00000| Untracked |  0
| 558|0x0000000785c00000, 0x0000000785c00000, 0x0000000785e00000|  0%| F|  |TAMS 0x0000000785c00000| PB 0x0000000785c00000| Untracked |  0
| 559|0x0000000785e00000, 0x0000000785e00000, 0x0000000786000000|  0%| F|  |TAMS 0x0000000785e00000| PB 0x0000000785e00000| Untracked |  0
| 560|0x0000000786000000, 0x0000000786000000, 0x0000000786200000|  0%| F|  |TAMS 0x0000000786000000| PB 0x0000000786000000| Untracked |  0
| 561|0x0000000786200000, 0x0000000786200000, 0x0000000786400000|  0%| F|  |TAMS 0x0000000786200000| PB 0x0000000786200000| Untracked |  0
| 562|0x0000000786400000, 0x0000000786400000, 0x0000000786600000|  0%| F|  |TAMS 0x0000000786400000| PB 0x0000000786400000| Untracked |  0
| 563|0x0000000786600000, 0x0000000786600000, 0x0000000786800000|  0%| F|  |TAMS 0x0000000786600000| PB 0x0000000786600000| Untracked |  0
| 564|0x0000000786800000, 0x0000000786800000, 0x0000000786a00000|  0%| F|  |TAMS 0x0000000786800000| PB 0x0000000786800000| Untracked |  0
| 565|0x0000000786a00000, 0x0000000786a00000, 0x0000000786c00000|  0%| F|  |TAMS 0x0000000786a00000| PB 0x0000000786a00000| Untracked |  0
| 566|0x0000000786c00000, 0x0000000786c00000, 0x0000000786e00000|  0%| F|  |TAMS 0x0000000786c00000| PB 0x0000000786c00000| Untracked |  0
| 567|0x0000000786e00000, 0x0000000786e00000, 0x0000000787000000|  0%| F|  |TAMS 0x0000000786e00000| PB 0x0000000786e00000| Untracked |  0
| 568|0x0000000787000000, 0x0000000787000000, 0x0000000787200000|  0%| F|  |TAMS 0x0000000787000000| PB 0x0000000787000000| Untracked |  0
| 569|0x0000000787200000, 0x0000000787200000, 0x0000000787400000|  0%| F|  |TAMS 0x0000000787200000| PB 0x0000000787200000| Untracked |  0
| 570|0x0000000787400000, 0x0000000787400000, 0x0000000787600000|  0%| F|  |TAMS 0x0000000787400000| PB 0x0000000787400000| Untracked |  0
| 571|0x0000000787600000, 0x0000000787600000, 0x0000000787800000|  0%| F|  |TAMS 0x0000000787600000| PB 0x0000000787600000| Untracked |  0
| 572|0x0000000787800000, 0x0000000787800000, 0x0000000787a00000|  0%| F|  |TAMS 0x0000000787800000| PB 0x0000000787800000| Untracked |  0
| 573|0x0000000787a00000, 0x0000000787a00000, 0x0000000787c00000|  0%| F|  |TAMS 0x0000000787a00000| PB 0x0000000787a00000| Untracked |  0
| 574|0x0000000787c00000, 0x0000000787c00000, 0x0000000787e00000|  0%| F|  |TAMS 0x0000000787c00000| PB 0x0000000787c00000| Untracked |  0
|1531|0x00000007ff600000, 0x00000007ff600000, 0x00000007ff800000|  0%| F|  |TAMS 0x00000007ff600000| PB 0x00000007ff600000| Untracked |  0
|1532|0x00000007ff800000, 0x00000007ffa00000, 0x00000007ffa00000|100%| O|  |TAMS 0x00000007ff800000| PB 0x00000007ff800000| Untracked |  0
|1533|0x00000007ffa00000, 0x00000007ffc00000, 0x00000007ffc00000|100%| O|  |TAMS 0x00000007ffa00000| PB 0x00000007ffa00000| Untracked |  0
|1534|0x00000007ffc00000, 0x00000007ffe00000, 0x00000007ffe00000|100%| O|  |TAMS 0x00000007ffc00000| PB 0x00000007ffc00000| Untracked |  0
|1535|0x00000007ffe00000, 0x0000000800000000, 0x0000000800000000|100%| O|  |TAMS 0x00000007ffe00000| PB 0x00000007ffe00000| Untracked |  0

Card table byte_map: [0x000001fbe5d60000,0x000001fbe6360000] _byte_map_base: 0x000001fbe2360000

Marking Bits: (CMBitMap*) 0x000001fbcdc4aa90
 Bits: [0x000001fbe6360000, 0x000001fbe9360000)

Polling page: 0x000001fbcb9e0000

Metaspace:

Usage:
  Non-class:    105.73 MB used.
      Class:     17.42 MB used.
       Both:    123.15 MB used.

Virtual space:
  Non-class space:      128.00 MB reserved,     107.00 MB ( 84%) committed,  2 nodes.
      Class space:        1.00 GB reserved,      18.56 MB (  2%) committed,  1 nodes.
             Both:        1.12 GB reserved,     125.56 MB ( 11%) committed. 

Chunk freelists:
   Non-Class:  4.84 MB
       Class:  13.48 MB
        Both:  18.33 MB

MaxMetaspaceSize: unlimited
CompressedClassSpaceSize: 1.00 GB
Initial GC threshold: 21.00 MB
Current GC threshold: 209.31 MB
CDS: on
 - commit_granule_bytes: 65536.
 - commit_granule_words: 8192.
 - virtual_space_node_default_size: 8388608.
 - enlarge_chunks_in_place: 1.
 - use_allocation_guard: 0.


Internal statistics:

num_allocs_failed_limit: 12.
num_arena_births: 4472.
num_arena_deaths: 40.
num_vsnodes_births: 3.
num_vsnodes_deaths: 0.
num_space_committed: 2009.
num_space_uncommitted: 0.
num_chunks_returned_to_freelist: 72.
num_chunks_taken_from_freelist: 9834.
num_chunk_merges: 30.
num_chunk_splits: 6664.
num_chunks_enlarged: 4486.
num_inconsistent_stats: 0.

CodeHeap 'non-profiled nmethods': size=120064Kb used=13265Kb max_used=13265Kb free=106798Kb
 bounds [0x000001fbddde0000, 0x000001fbdeae0000, 0x000001fbe5320000]
CodeHeap 'profiled nmethods': size=120000Kb used=28779Kb max_used=29689Kb free=91220Kb
 bounds [0x000001fbd6320000, 0x000001fbd8020000, 0x000001fbdd850000]
CodeHeap 'non-nmethods': size=5696Kb used=2437Kb max_used=2505Kb free=3258Kb
 bounds [0x000001fbdd850000, 0x000001fbddae0000, 0x000001fbddde0000]
CodeCache: size=245760Kb, used=44481Kb, max_used=45459Kb, free=201276Kb
 total_blobs=20492, nmethods=19551, adapters=845, full_count=0
Compilation: enabled, stopped_count=0, restarted_count=0

Compilation events (20 events):
Event: 81.520 Thread 0x000001fbeb84c160 nmethod 22199 0x000001fbdeacc808 code [0x000001fbdeacc900, 0x000001fbdeacc978]
Event: 81.520 Thread 0x000001fbeb84c160 21816       4       com.android.tools.r8.internal.Eb::B (2 bytes)
Event: 81.520 Thread 0x000001fbeb84c160 nmethod 21816 0x000001fbdeaccb08 code [0x000001fbdeaccc00, 0x000001fbdeaccc78]
Event: 81.520 Thread 0x000001fbeb84c160 25132       4       com.android.tools.r8.internal.t9::a (25 bytes)
Event: 81.639 Thread 0x000001fbeb84ce90 25198       2       com.android.tools.r8.internal.vj0::a (48 bytes)
Event: 81.639 Thread 0x000001fbeb84ce90 nmethod 25198 0x000001fbd7552f88 code [0x000001fbd75530c0, 0x000001fbd7553268]
Event: 81.651 Thread 0x000001fbeb84ce90 25200       1       com.android.tools.r8.internal.hb::K (2 bytes)
Event: 81.651 Thread 0x000001fbeb84ce90 nmethod 25200 0x000001fbdeacce08 code [0x000001fbdeaccf20, 0x000001fbdeaccfe8]
Event: 81.681 Thread 0x000001fbeb84c160 nmethod 25132 0x000001fbdeacd108 code [0x000001fbdeacd560, 0x000001fbdeacfeb8]
Event: 81.682 Thread 0x000001fbf4281930 nmethod 24968 0x000001fbdead0108 code [0x000001fbdead0560, 0x000001fbdead2eb8]
Event: 81.687 Thread 0x000001fbeb84c160 25191       4       com.android.tools.r8.internal.Ot::a (180 bytes)
Event: 81.687 Thread 0x000001fbf4281930 25201       4       com.android.tools.r8.ir.optimize.Z::a (129 bytes)
Event: 81.704 Thread 0x000001fbeb84ce90 25205       2       com.android.tools.r8.internal.rP::b (32 bytes)
Event: 81.704 Thread 0x000001fbeb84ce90 nmethod 25205 0x000001fbd77e8f88 code [0x000001fbd77e90a0, 0x000001fbd77e9270]
Event: 81.705 Thread 0x000001fbeb84ce90 25206       2       com.android.tools.r8.internal.rP::m0 (2 bytes)
Event: 81.705 Thread 0x000001fbeb84ce90 nmethod 25206 0x000001fbd7766b88 code [0x000001fbd7766ca0, 0x000001fbd7766da8]
Event: 81.723 Thread 0x000001fbeb84ce90 25207       3       com.android.tools.r8.internal.rP::a (109 bytes)
Event: 81.725 Thread 0x000001fbeb84ce90 nmethod 25207 0x000001fbd77ba408 code [0x000001fbd77ba660, 0x000001fbd77bb738]
Event: 81.742 Thread 0x000001fbf4281930 nmethod 25201 0x000001fbdead3108 code [0x000001fbdead33c0, 0x000001fbdead4548]
Event: 81.743 Thread 0x000001fbf4281930 25190       4       com.android.tools.r8.ir.regalloc.b::a (166 bytes)

GC Heap History (20 events):
Event: 67.896 GC heap after
{Heap after GC invocations=95 (full 0):
 garbage-first heap   total reserved 3145728K, committed 1187840K, used 695832K [0x0000000740000000, 0x0000000800000000)
  region size 2048K, 10 young (20480K), 10 survivors (20480K)
 Metaspace       used 123791K, committed 126272K, reserved 1179648K
  class space    used 17511K, committed 18688K, reserved 1048576K
}
Event: 68.891 GC heap before
{Heap before GC invocations=95 (full 0):
 garbage-first heap   total reserved 3145728K, committed 1187840K, used 1105432K [0x0000000740000000, 0x0000000800000000)
  region size 2048K, 210 young (430080K), 10 survivors (20480K)
 Metaspace       used 123796K, committed 126272K, reserved 1179648K
  class space    used 17511K, committed 18688K, reserved 1048576K
}
Event: 68.921 GC heap after
{Heap after GC invocations=96 (full 0):
 garbage-first heap   total reserved 3145728K, committed 1187840K, used 687377K [0x0000000740000000, 0x0000000800000000)
  region size 2048K, 11 young (22528K), 11 survivors (22528K)
 Metaspace       used 123796K, committed 126272K, reserved 1179648K
  class space    used 17511K, committed 18688K, reserved 1048576K
}
Event: 69.922 GC heap before
{Heap before GC invocations=96 (full 0):
 garbage-first heap   total reserved 3145728K, committed 1187840K, used 1101073K [0x0000000740000000, 0x0000000800000000)
  region size 2048K, 214 young (438272K), 11 survivors (22528K)
 Metaspace       used 123801K, committed 126272K, reserved 1179648K
  class space    used 17511K, committed 18688K, reserved 1048576K
}
Event: 69.949 GC heap after
{Heap after GC invocations=97 (full 0):
 garbage-first heap   total reserved 3145728K, committed 1187840K, used 688733K [0x0000000740000000, 0x0000000800000000)
  region size 2048K, 12 young (24576K), 12 survivors (24576K)
 Metaspace       used 123801K, committed 126272K, reserved 1179648K
  class space    used 17511K, committed 18688K, reserved 1048576K
}
Event: 71.854 GC heap before
{Heap before GC invocations=98 (full 0):
 garbage-first heap   total reserved 3145728K, committed 1187840K, used 1098333K [0x0000000740000000, 0x0000000800000000)
  region size 2048K, 213 young (436224K), 12 survivors (24576K)
 Metaspace       used 124540K, committed 126976K, reserved 1179648K
  class space    used 17645K, committed 18816K, reserved 1048576K
}
Event: 71.879 GC heap after
{Heap after GC invocations=99 (full 0):
 garbage-first heap   total reserved 3145728K, committed 1187840K, used 691066K [0x0000000740000000, 0x0000000800000000)
  region size 2048K, 13 young (26624K), 13 survivors (26624K)
 Metaspace       used 124540K, committed 126976K, reserved 1179648K
  class space    used 17645K, committed 18816K, reserved 1048576K
}
Event: 72.873 GC heap before
{Heap before GC invocations=99 (full 0):
 garbage-first heap   total reserved 3145728K, committed 1187840K, used 1096570K [0x0000000740000000, 0x0000000800000000)
  region size 2048K, 212 young (434176K), 13 survivors (26624K)
 Metaspace       used 125204K, committed 127680K, reserved 1179648K
  class space    used 17733K, committed 18880K, reserved 1048576K
}
Event: 73.015 GC heap after
{Heap after GC invocations=100 (full 0):
 garbage-first heap   total reserved 3145728K, committed 1187840K, used 682794K [0x0000000740000000, 0x0000000800000000)
  region size 2048K, 14 young (28672K), 14 survivors (28672K)
 Metaspace       used 125204K, committed 127680K, reserved 1179648K
  class space    used 17733K, committed 18880K, reserved 1048576K
}
Event: 74.069 GC heap before
{Heap before GC invocations=100 (full 0):
 garbage-first heap   total reserved 3145728K, committed 1187840K, used 1096490K [0x0000000740000000, 0x0000000800000000)
  region size 2048K, 217 young (444416K), 14 survivors (28672K)
 Metaspace       used 125617K, committed 128064K, reserved 1179648K
  class space    used 17775K, committed 18944K, reserved 1048576K
}
Event: 74.122 GC heap after
{Heap after GC invocations=101 (full 0):
 garbage-first heap   total reserved 3145728K, committed 1187840K, used 689962K [0x0000000740000000, 0x0000000800000000)
  region size 2048K, 18 young (36864K), 18 survivors (36864K)
 Metaspace       used 125617K, committed 128064K, reserved 1179648K
  class space    used 17775K, committed 18944K, reserved 1048576K
}
Event: 76.344 GC heap before
{Heap before GC invocations=102 (full 0):
 garbage-first heap   total reserved 3145728K, committed 1187840K, used 1105706K [0x0000000740000000, 0x0000000800000000)
  region size 2048K, 213 young (436224K), 18 survivors (36864K)
 Metaspace       used 126075K, committed 128512K, reserved 1179648K
  class space    used 17832K, committed 19008K, reserved 1048576K
}
Event: 76.377 GC heap after
{Heap after GC invocations=103 (full 0):
 garbage-first heap   total reserved 3145728K, committed 1187840K, used 690281K [0x0000000740000000, 0x0000000800000000)
  region size 2048K, 9 young (18432K), 9 survivors (18432K)
 Metaspace       used 126075K, committed 128512K, reserved 1179648K
  class space    used 17832K, committed 19008K, reserved 1048576K
}
Event: 77.620 GC heap before
{Heap before GC invocations=103 (full 0):
 garbage-first heap   total reserved 3145728K, committed 1187840K, used 1108073K [0x0000000740000000, 0x0000000800000000)
  region size 2048K, 213 young (436224K), 9 survivors (18432K)
 Metaspace       used 126083K, committed 128512K, reserved 1179648K
  class space    used 17832K, committed 19008K, reserved 1048576K
}
Event: 77.659 GC heap after
{Heap after GC invocations=104 (full 0):
 garbage-first heap   total reserved 3145728K, committed 1187840K, used 674568K [0x0000000740000000, 0x0000000800000000)
  region size 2048K, 8 young (16384K), 8 survivors (16384K)
 Metaspace       used 126083K, committed 128512K, reserved 1179648K
  class space    used 17832K, committed 19008K, reserved 1048576K
}
Event: 78.985 GC heap before
{Heap before GC invocations=104 (full 0):
 garbage-first heap   total reserved 3145728K, committed 1187840K, used 1110792K [0x0000000740000000, 0x0000000800000000)
  region size 2048K, 221 young (452608K), 8 survivors (16384K)
 Metaspace       used 126090K, committed 128512K, reserved 1179648K
  class space    used 17833K, committed 19008K, reserved 1048576K
}
Event: 79.006 GC heap after
{Heap after GC invocations=105 (full 0):
 garbage-first heap   total reserved 3145728K, committed 1187840K, used 674964K [0x0000000740000000, 0x0000000800000000)
  region size 2048K, 9 young (18432K), 9 survivors (18432K)
 Metaspace       used 126090K, committed 128512K, reserved 1179648K
  class space    used 17833K, committed 19008K, reserved 1048576K
}
Event: 80.866 GC heap before
{Heap before GC invocations=106 (full 0):
 garbage-first heap   total reserved 3145728K, committed 1187840K, used 1107092K [0x0000000740000000, 0x0000000800000000)
  region size 2048K, 220 young (450560K), 9 survivors (18432K)
 Metaspace       used 126094K, committed 128576K, reserved 1179648K
  class space    used 17833K, committed 19008K, reserved 1048576K
}
Event: 80.888 GC heap after
{Heap after GC invocations=107 (full 0):
 garbage-first heap   total reserved 3145728K, committed 1187840K, used 676638K [0x0000000740000000, 0x0000000800000000)
  region size 2048K, 9 young (18432K), 9 survivors (18432K)
 Metaspace       used 126094K, committed 128576K, reserved 1179648K
  class space    used 17833K, committed 19008K, reserved 1048576K
}
Event: 81.767 GC heap before
{Heap before GC invocations=107 (full 0):
 garbage-first heap   total reserved 3145728K, committed 1187840K, used 1108766K [0x0000000740000000, 0x0000000800000000)
  region size 2048K, 220 young (450560K), 9 survivors (18432K)
 Metaspace       used 126102K, committed 128576K, reserved 1179648K
  class space    used 17833K, committed 19008K, reserved 1048576K
}

Dll operation events (17 events):
Event: 0.008 Loaded shared library C:\Program Files\Java\jdk-23\bin\java.dll
Event: 0.035 Loaded shared library C:\Program Files\Java\jdk-23\bin\jsvml.dll
Event: 0.065 Loaded shared library C:\Program Files\Java\jdk-23\bin\zip.dll
Event: 0.069 Loaded shared library C:\Program Files\Java\jdk-23\bin\instrument.dll
Event: 0.072 Loaded shared library C:\Program Files\Java\jdk-23\bin\net.dll
Event: 0.073 Loaded shared library C:\Program Files\Java\jdk-23\bin\nio.dll
Event: 0.077 Loaded shared library C:\Program Files\Java\jdk-23\bin\zip.dll
Event: 0.209 Loaded shared library C:\Program Files\Java\jdk-23\bin\jimage.dll
Event: 0.262 Loaded shared library C:\Program Files\Java\jdk-23\bin\verify.dll
Event: 0.282 Loaded shared library C:\Users\DELL\.gradle\native\660c5614fbf4a5f2a75b1949f50a0caf5cd603558e7d8a26e50b933a0cfb79d1\windows-amd64\native-platform.dll
Event: 0.303 Loaded shared library C:\Users\DELL\.gradle\native\0.2.8\x86_64-windows-gnu\gradle-fileevents.dll
Event: 1.143 Loaded shared library C:\Program Files\Java\jdk-23\bin\management.dll
Event: 1.144 Loaded shared library C:\Program Files\Java\jdk-23\bin\management_ext.dll
Event: 1.253 Loaded shared library C:\Program Files\Java\jdk-23\bin\extnet.dll
Event: 1.443 Loaded shared library C:\Program Files\Java\jdk-23\bin\sunmscapi.dll
Event: 41.699 Loaded shared library C:\Users\DELL\AppData\Local\Temp\native-platform2711803936647303412dir\native-platform.dll
Event: 43.103 Loaded shared library C:\Program Files\Java\jdk-23\bin\rmi.dll

Deoptimization events (20 events):
Event: 80.229 Thread 0x000001fbc519ee60 Uncommon trap: trap_request=0xffffffde fr.pc=0x000001fbdeaa1f68 relative=0x0000000000000128
Event: 80.229 Thread 0x000001fbc519ee60 Uncommon trap: reason=class_check action=maybe_recompile pc=0x000001fbdeaa1f68 method=com.android.tools.r8.graph.B2.equals(Ljava/lang/Object;)Z @ 41 c2
Event: 80.229 Thread 0x000001fbc519ee60 DEOPT PACKING pc=0x000001fbdeaa1f68 sp=0x0000007268ff98a0
Event: 80.229 Thread 0x000001fbc519ee60 DEOPT UNPACKING pc=0x000001fbdd8a7982 sp=0x0000007268ff9838 mode 2
Event: 80.229 Thread 0x000001fbc519ee60 Uncommon trap: trap_request=0xffffffde fr.pc=0x000001fbdeaa1f68 relative=0x0000000000000128
Event: 80.229 Thread 0x000001fbc519ee60 Uncommon trap: reason=class_check action=maybe_recompile pc=0x000001fbdeaa1f68 method=com.android.tools.r8.graph.B2.equals(Ljava/lang/Object;)Z @ 41 c2
Event: 80.229 Thread 0x000001fbc519ee60 DEOPT PACKING pc=0x000001fbdeaa1f68 sp=0x0000007268ff96a0
Event: 80.229 Thread 0x000001fbc519ee60 DEOPT UNPACKING pc=0x000001fbdd8a7982 sp=0x0000007268ff9638 mode 2
Event: 80.229 Thread 0x000001fbc519ee60 Uncommon trap: trap_request=0xffffffde fr.pc=0x000001fbdeaa1f68 relative=0x0000000000000128
Event: 80.231 Thread 0x000001fbc519ee60 Uncommon trap: reason=class_check action=maybe_recompile pc=0x000001fbdeaa1f68 method=com.android.tools.r8.graph.B2.equals(Ljava/lang/Object;)Z @ 41 c2
Event: 80.232 Thread 0x000001fbc519ee60 DEOPT PACKING pc=0x000001fbdeaa1f68 sp=0x0000007268ff98a0
Event: 80.232 Thread 0x000001fbc519ee60 DEOPT UNPACKING pc=0x000001fbdd8a7982 sp=0x0000007268ff9838 mode 2
Event: 80.232 Thread 0x000001fbc519ee60 Uncommon trap: trap_request=0xffffffde fr.pc=0x000001fbdeaa1f68 relative=0x0000000000000128
Event: 80.232 Thread 0x000001fbc519ee60 Uncommon trap: reason=class_check action=maybe_recompile pc=0x000001fbdeaa1f68 method=com.android.tools.r8.graph.B2.equals(Ljava/lang/Object;)Z @ 41 c2
Event: 80.232 Thread 0x000001fbc519ee60 DEOPT PACKING pc=0x000001fbdeaa1f68 sp=0x0000007268ff9540
Event: 80.232 Thread 0x000001fbc519ee60 DEOPT UNPACKING pc=0x000001fbdd8a7982 sp=0x0000007268ff94d8 mode 2
Event: 81.613 Thread 0x000001fbc519ee60 Uncommon trap: trap_request=0xffffffde fr.pc=0x000001fbde58cc60 relative=0x0000000000005420
Event: 81.613 Thread 0x000001fbc519ee60 Uncommon trap: reason=class_check action=maybe_recompile pc=0x000001fbde58cc60 method=com.android.tools.r8.internal.Da.a(Lcom/android/tools/r8/internal/Kt;IZ)V @ 939 c2
Event: 81.613 Thread 0x000001fbc519ee60 DEOPT PACKING pc=0x000001fbde58cc60 sp=0x0000007268ff9a50
Event: 81.613 Thread 0x000001fbc519ee60 DEOPT UNPACKING pc=0x000001fbdd8a7982 sp=0x0000007268ff9a20 mode 2

Classes loaded (20 events):
Event: 47.418 Loading class java/util/function/BooleanSupplier
Event: 47.419 Loading class java/util/function/BooleanSupplier done
Event: 47.445 Loading class java/util/PriorityQueue
Event: 47.446 Loading class java/util/PriorityQueue done
Event: 47.551 Loading class java/util/IdentityHashMap$ValueIterator
Event: 47.551 Loading class java/util/IdentityHashMap$ValueIterator done
Event: 47.809 Loading class java/util/AbstractList$SubList
Event: 47.809 Loading class java/util/AbstractList$SubList done
Event: 47.810 Loading class java/util/AbstractList$SubList$1
Event: 47.810 Loading class java/util/AbstractList$SubList$1 done
Event: 48.870 Loading class java/time/Instant$1
Event: 48.870 Loading class java/time/Instant$1 done
Event: 73.548 Loading class java/nio/ShortBuffer
Event: 73.558 Loading class java/nio/ShortBuffer done
Event: 74.947 Loading class java/nio/ByteBufferAsShortBufferL
Event: 74.948 Loading class java/nio/ByteBufferAsShortBufferL done
Event: 75.442 Loading class java/util/zip/Adler32
Event: 75.443 Loading class java/util/zip/Adler32 done
Event: 75.546 Loading class java/nio/file/Files$2
Event: 75.548 Loading class java/nio/file/Files$2 done

Classes unloaded (20 events):
Event: 46.112 Thread 0x000001fbeb81f110 Unloading class 0x000001fb81f1cc00 'java/lang/invoke/LambdaForm$DMH+0x000001fb81f1cc00'
Event: 46.112 Thread 0x000001fbeb81f110 Unloading class 0x000001fb81f1c800 'java/lang/invoke/LambdaForm$DMH+0x000001fb81f1c800'
Event: 46.112 Thread 0x000001fbeb81f110 Unloading class 0x000001fb81f1c000 'java/lang/invoke/LambdaForm$DMH+0x000001fb81f1c000'
Event: 49.141 Thread 0x000001fbeb81f110 Unloading class 0x000001fb82121000 'java/lang/invoke/LambdaForm$DMH+0x000001fb82121000'
Event: 49.141 Thread 0x000001fbeb81f110 Unloading class 0x000001fb82120c00 'java/lang/invoke/LambdaForm$DMH+0x000001fb82120c00'
Event: 49.141 Thread 0x000001fbeb81f110 Unloading class 0x000001fb82120000 'java/lang/invoke/LambdaForm$DMH+0x000001fb82120000'
Event: 49.141 Thread 0x000001fbeb81f110 Unloading class 0x000001fb820c5c00 'java/lang/invoke/LambdaForm$DMH+0x000001fb820c5c00'
Event: 49.141 Thread 0x000001fbeb81f110 Unloading class 0x000001fb820c5800 'java/lang/invoke/LambdaForm$DMH+0x000001fb820c5800'
Event: 49.141 Thread 0x000001fbeb81f110 Unloading class 0x000001fb820c6000 'java/lang/invoke/LambdaForm$DMH+0x000001fb820c6000'
Event: 49.141 Thread 0x000001fbeb81f110 Unloading class 0x000001fb820c4c00 'java/lang/invoke/LambdaForm$DMH+0x000001fb820c4c00'
Event: 49.141 Thread 0x000001fbeb81f110 Unloading class 0x000001fb820c4800 'java/lang/invoke/LambdaForm$DMH+0x000001fb820c4800'
Event: 49.141 Thread 0x000001fbeb81f110 Unloading class 0x000001fb820c4400 'java/lang/invoke/LambdaForm$DMH+0x000001fb820c4400'
Event: 49.141 Thread 0x000001fbeb81f110 Unloading class 0x000001fb820c5000 'java/lang/invoke/LambdaForm$DMH+0x000001fb820c5000'
Event: 49.141 Thread 0x000001fbeb81f110 Unloading class 0x000001fb8206cc00 'java/lang/invoke/LambdaForm$DMH+0x000001fb8206cc00'
Event: 49.141 Thread 0x000001fbeb81f110 Unloading class 0x000001fb8206c800 'java/lang/invoke/LambdaForm$DMH+0x000001fb8206c800'
Event: 49.141 Thread 0x000001fbeb81f110 Unloading class 0x000001fb8206c000 'java/lang/invoke/LambdaForm$DMH+0x000001fb8206c000'
Event: 52.235 Thread 0x000001fbeb81f110 Unloading class 0x000001fb821c1000 'java/lang/invoke/LambdaForm$DMH+0x000001fb821c1000'
Event: 52.235 Thread 0x000001fbeb81f110 Unloading class 0x000001fb821c0c00 'java/lang/invoke/LambdaForm$DMH+0x000001fb821c0c00'
Event: 52.235 Thread 0x000001fbeb81f110 Unloading class 0x000001fb821c0000 'java/lang/invoke/LambdaForm$DMH+0x000001fb821c0000'
Event: 52.235 Thread 0x000001fbeb81f110 Unloading class 0x000001fb821c0400 'java/lang/invoke/LambdaForm$DMH+0x000001fb821c0400'

Classes redefined (0 events):
No events

Internal exceptions (20 events):
Event: 49.440 Thread 0x000001fbc50fff00 Exception <a 'java/lang/NoSuchMethodError'{0x000000076bf655b0}: 'void java.lang.invoke.DirectMethodHandle$Holder.invokeSpecialIFC(java.lang.Object, java.lang.Object, java.lang.Object, java.lang.Object)'> (0x000000076bf655b0) 
thrown [s\open\src\hotspot\share\interpreter\linkResolver.cpp, line 796]
Event: 51.356 Thread 0x000001fbc519ee60 Implicit null exception at 0x000001fbde42e87c to 0x000001fbde432c50
Event: 71.357 Thread 0x000001fbc50fff00 Exception <a 'java/lang/NoSuchMethodError'{0x00000007768ab8b0}: 'java.lang.Object java.lang.invoke.DirectMethodHandle$Holder.newInvokeSpecial(java.lang.Object, java.lang.Object, int, java.lang.Object, java.lang.Object, java.lang.Object)'> (0x00000007768ab8b0) 
thrown [s\open\src\hotspot\share\interpreter\linkResolver.cpp, line 796]
Event: 71.359 Thread 0x000001fbc50fff00 Exception <a 'java/lang/NoSuchMethodError'{0x00000007768b3598}: 'java.lang.Object java.lang.invoke.Invokers$Holder.linkToTargetMethod(java.lang.Object, int, java.lang.Object, java.lang.Object, java.lang.Object, java.lang.Object)'> (0x00000007768b3598) 
thrown [s\open\src\hotspot\share\interpreter\linkResolver.cpp, line 796]
Event: 71.362 Thread 0x000001fbc50fff00 Exception <a 'java/lang/NoSuchMethodError'{0x00000007768bfbe8}: 'java.lang.Object java.lang.invoke.DirectMethodHandle$Holder.newInvokeSpecial(java.lang.Object, int, java.lang.Object, java.lang.Object)'> (0x00000007768bfbe8) 
thrown [s\open\src\hotspot\share\interpreter\linkResolver.cpp, line 796]
Event: 71.362 Thread 0x000001fbc50fff00 Exception <a 'java/lang/NoSuchMethodError'{0x00000007768c4190}: 'java.lang.Object java.lang.invoke.DirectMethodHandle$Holder.invokeSpecial(java.lang.Object, java.lang.Object, int, java.lang.Object, java.lang.Object)'> (0x00000007768c4190) 
thrown [s\open\src\hotspot\share\interpreter\linkResolver.cpp, line 796]
Event: 71.398 Thread 0x000001fbc50fff00 Exception <a 'java/lang/NoSuchMethodError'{0x000000077592bc28}: 'void java.lang.invoke.DirectMethodHandle$Holder.invokeSpecial(java.lang.Object, java.lang.Object, java.lang.Object, int, java.lang.Object, java.lang.Object, java.lang.Object, java.lang.Object)'> (0x000000077592bc28) 
thrown [s\open\src\hotspot\share\interpreter\linkResolver.cpp, line 796]
Event: 71.403 Thread 0x000001fbc50fff00 Implicit null exception at 0x000001fbde7370cd to 0x000001fbde737204
Event: 71.428 Thread 0x000001fbc50fff00 Exception <a 'java/lang/NoSuchMethodError'{0x00000007759c7d80}: 'void java.lang.invoke.DirectMethodHandle$Holder.invokeStatic(java.lang.Object, java.lang.Object, java.lang.Object, java.lang.Object, java.lang.Object, java.lang.Object, java.lang.Object, java.lang.Object)'> (0x00000007759c7d80) 
thrown [s\open\src\hotspot\share\interpreter\linkResolver.cpp, line 796]
Event: 73.220 Thread 0x000001fbc50fff00 Exception <a 'java/lang/IncompatibleClassChangeError'{0x0000000782c32bd0}: Found class java.lang.Object, but interface was expected> (0x0000000782c32bd0) 
thrown [s\open\src\hotspot\share\interpreter\linkResolver.cpp, line 863]
Event: 73.689 Thread 0x000001fbc50fff00 Implicit null exception at 0x000001fbde3cbc2b to 0x000001fbde3cc184
Event: 75.551 Thread 0x000001fbc50fff00 Exception <a 'sun/nio/fs/WindowsException'{0x000000077ba6dbf0}> (0x000000077ba6dbf0) 
thrown [s\open\src\hotspot\share\prims\jni.cpp, line 520]
Event: 75.861 Thread 0x000001fbc50fff00 Exception <a 'sun/nio/fs/WindowsException'{0x000000077a779c20}> (0x000000077a779c20) 
thrown [s\open\src\hotspot\share\prims\jni.cpp, line 520]
Event: 75.904 Thread 0x000001fbc50fff00 Exception <a 'java/io/FileNotFoundException'{0x000000077a7830e8}> (0x000000077a7830e8) 
thrown [s\open\src\hotspot\share\prims\jni.cpp, line 520]
Event: 76.229 Thread 0x000001fbc519fb80 Exception <a 'sun/nio/fs/WindowsException'{0x0000000771510fe8}> (0x0000000771510fe8) 
thrown [s\open\src\hotspot\share\prims\jni.cpp, line 520]
Event: 76.250 Thread 0x000001fbc519fb80 Exception <a 'sun/nio/fs/WindowsException'{0x000000077152d4c8}> (0x000000077152d4c8) 
thrown [s\open\src\hotspot\share\prims\jni.cpp, line 520]
Event: 76.253 Thread 0x000001fbc519fb80 Exception <a 'java/io/FileNotFoundException'{0x00000007715369a8}> (0x00000007715369a8) 
thrown [s\open\src\hotspot\share\prims\jni.cpp, line 520]
Event: 76.387 Thread 0x000001fbc519e7d0 Exception <a 'sun/nio/fs/WindowsException'{0x0000000787d0aa68}> (0x0000000787d0aa68) 
thrown [s\open\src\hotspot\share\prims\jni.cpp, line 520]
Event: 76.446 Thread 0x000001fbc519e7d0 Exception <a 'sun/nio/fs/WindowsException'{0x0000000787d26e90}> (0x0000000787d26e90) 
thrown [s\open\src\hotspot\share\prims\jni.cpp, line 520]
Event: 76.450 Thread 0x000001fbc519e7d0 Exception <a 'java/io/FileNotFoundException'{0x0000000787d30378}> (0x0000000787d30378) 
thrown [s\open\src\hotspot\share\prims\jni.cpp, line 520]

VM Operations (20 events):
Event: 74.621 Executing VM operation: HandshakeAllThreads (Deoptimize) done
Event: 75.350 Executing VM operation: G1PauseRemark
Event: 75.364 Executing VM operation: G1PauseRemark done
Event: 75.446 Executing VM operation: HandshakeAllThreads (Deoptimize)
Event: 75.536 Executing VM operation: HandshakeAllThreads (Deoptimize) done
Event: 75.767 Executing VM operation: G1PauseCleanup
Event: 75.788 Executing VM operation: G1PauseCleanup done
Event: 76.344 Executing VM operation: G1CollectForAllocation (G1 Evacuation Pause)
Event: 76.377 Executing VM operation: G1CollectForAllocation (G1 Evacuation Pause) done
Event: 77.620 Executing VM operation: G1CollectForAllocation (G1 Evacuation Pause)
Event: 77.659 Executing VM operation: G1CollectForAllocation (G1 Evacuation Pause) done
Event: 78.985 Executing VM operation: G1CollectForAllocation (G1 Evacuation Pause)
Event: 79.006 Executing VM operation: G1CollectForAllocation (G1 Evacuation Pause) done
Event: 80.203 Executing VM operation: G1PauseRemark
Event: 80.222 Executing VM operation: G1PauseRemark done
Event: 80.689 Executing VM operation: G1PauseCleanup
Event: 80.689 Executing VM operation: G1PauseCleanup done
Event: 80.866 Executing VM operation: G1CollectForAllocation (G1 Evacuation Pause)
Event: 80.888 Executing VM operation: G1CollectForAllocation (G1 Evacuation Pause) done
Event: 81.766 Executing VM operation: G1CollectForAllocation (G1 Evacuation Pause)

Memory protections (0 events):
No events

Nmethod flushes (20 events):
Event: 80.220 Thread 0x000001fbeb81f110 flushing  nmethod 0x000001fbd6c64c08
Event: 80.220 Thread 0x000001fbeb81f110 flushing  nmethod 0x000001fbd7556c88
Event: 80.220 Thread 0x000001fbeb81f110 flushing  nmethod 0x000001fbd7556f88
Event: 80.220 Thread 0x000001fbeb81f110 flushing  nmethod 0x000001fbd7557688
Event: 80.220 Thread 0x000001fbeb81f110 flushing  nmethod 0x000001fbd7557c88
Event: 80.220 Thread 0x000001fbeb81f110 flushing  nmethod 0x000001fbd7557f88
Event: 80.220 Thread 0x000001fbeb81f110 flushing  nmethod 0x000001fbd758e588
Event: 80.220 Thread 0x000001fbeb81f110 flushing  nmethod 0x000001fbd7aa8688
Event: 80.220 Thread 0x000001fbeb81f110 flushing  nmethod 0x000001fbd7ae1808
Event: 80.220 Thread 0x000001fbeb81f110 flushing  nmethod 0x000001fbd7ae7288
Event: 80.220 Thread 0x000001fbeb81f110 flushing  nmethod 0x000001fbd7bce888
Event: 80.220 Thread 0x000001fbeb81f110 flushing  nmethod 0x000001fbd7bd0588
Event: 80.220 Thread 0x000001fbeb81f110 flushing  nmethod 0x000001fbd7bd1c08
Event: 80.220 Thread 0x000001fbeb81f110 flushing  nmethod 0x000001fbd7be4d88
Event: 80.220 Thread 0x000001fbeb81f110 flushing  nmethod 0x000001fbd7cad488
Event: 80.220 Thread 0x000001fbeb81f110 flushing  nmethod 0x000001fbd7cadf08
Event: 80.220 Thread 0x000001fbeb81f110 flushing  nmethod 0x000001fbd7cf3388
Event: 80.220 Thread 0x000001fbeb81f110 flushing  nmethod 0x000001fbd7df2a88
Event: 80.220 Thread 0x000001fbeb81f110 flushing  nmethod 0x000001fbd7df2e88
Event: 80.220 Thread 0x000001fbeb81f110 flushing  nmethod 0x000001fbd7e8fa08

Events (20 events):
Event: 28.641 Thread 0x000001fbeb84ce90 Thread added: 0x000001fbebecfd30
Event: 34.044 Thread 0x000001fbebecfd30 Thread exited: 0x000001fbebecfd30
Event: 34.044 Thread 0x000001fbebecef90 Thread exited: 0x000001fbebecef90
Event: 34.066 Thread 0x000001fbeb84ce90 Thread added: 0x000001fbf2304f30
Event: 34.419 Thread 0x000001fbf2304f30 Thread exited: 0x000001fbf2304f30
Event: 36.346 Thread 0x000001fbeb84ce90 Thread added: 0x000001fbf2305600
Event: 36.544 Thread 0x000001fbeb84ce90 Thread added: 0x000001fbf2309350
Event: 41.123 Thread 0x000001fbc50ff870 Thread added: 0x000001fbebec5170
Event: 41.757 Thread 0x000001fbebec5170 Thread added: 0x000001fbc8cbaf60
Event: 42.934 Thread 0x000001fbc8cbaf60 Thread exited: 0x000001fbc8cbaf60
Event: 43.044 Thread 0x000001fbebec5170 Thread added: 0x000001fbf3ddc710
Event: 43.093 Thread 0x000001fbebec5170 Thread added: 0x000001fbf3dddac0
Event: 43.109 Thread 0x000001fbebec5170 Thread added: 0x000001fbf3ddc080
Event: 43.224 Thread 0x000001fbebec5170 Thread added: 0x000001fbf3dde150
Event: 43.225 Thread 0x000001fbebec5170 Thread added: 0x000001fbf3ddcda0
Event: 43.293 Thread 0x000001fbf3dde150 Thread added: 0x000001fbf3ddf500
Event: 43.513 Thread 0x000001fbf2309350 Thread exited: 0x000001fbf2309350
Event: 43.550 Thread 0x000001fbf2305600 Thread exited: 0x000001fbf2305600
Event: 43.581 Thread 0x000001fbeb84ce90 Thread added: 0x000001fbf4281930
Event: 43.705 Thread 0x000001fbeb84ce90 Thread added: 0x000001fbf42826d0


Dynamic libraries:
0x00007ff732af0000 - 0x00007ff732b00000 	C:\Program Files\Java\jdk-23\bin\java.exe
0x00007ffce0b00000 - 0x00007ffce0d66000 	C:\WINDOWS\SYSTEM32\ntdll.dll
0x00007ffcdf5e0000 - 0x00007ffcdf6a9000 	C:\WINDOWS\System32\KERNEL32.DLL
0x00007ffcddf00000 - 0x00007ffcde2ff000 	C:\WINDOWS\System32\KERNELBASE.dll
0x00007ffcde4d0000 - 0x00007ffcde61c000 	C:\WINDOWS\System32\ucrtbase.dll
0x00007ffcc08a0000 - 0x00007ffcc08bb000 	C:\Program Files\Java\jdk-23\bin\VCRUNTIME140.dll
0x00007ffcbfd80000 - 0x00007ffcbfd97000 	C:\Program Files\Java\jdk-23\bin\jli.dll
0x00007ffcde830000 - 0x00007ffcde9f6000 	C:\WINDOWS\System32\USER32.dll
0x00007ffcde4a0000 - 0x00007ffcde4c7000 	C:\WINDOWS\System32\win32u.dll
0x00007ffcdf580000 - 0x00007ffcdf5ab000 	C:\WINDOWS\System32\GDI32.dll
0x00007ffcdcf20000 - 0x00007ffcdd1b1000 	C:\WINDOWS\WinSxS\amd64_microsoft.windows.common-controls_6595b64144ccf1df_6.0.26100.8972_none_3e0da176e32f9d4b\COMCTL32.dll
0x00007ffcdddd0000 - 0x00007ffcddef9000 	C:\WINDOWS\System32\gdi32full.dll
0x00007ffcde630000 - 0x00007ffcde6d3000 	C:\WINDOWS\System32\msvcp_win.dll
0x00007ffcdf8c0000 - 0x00007ffcdf969000 	C:\WINDOWS\System32\msvcrt.dll
0x00007ffcdf210000 - 0x00007ffcdf242000 	C:\WINDOWS\System32\IMM32.DLL
0x00007ffcc2160000 - 0x00007ffcc216c000 	C:\Program Files\Java\jdk-23\bin\vcruntime140_1.dll
0x00007ffc95810000 - 0x00007ffc9589e000 	C:\Program Files\Java\jdk-23\bin\msvcp140.dll
0x00007ffc58d40000 - 0x00007ffc59a8f000 	C:\Program Files\Java\jdk-23\bin\server\jvm.dll
0x00007ffcdf760000 - 0x00007ffcdf81c000 	C:\WINDOWS\System32\ADVAPI32.dll
0x00007ffcdf6b0000 - 0x00007ffcdf75a000 	C:\WINDOWS\System32\sechost.dll
0x00007ffcdf350000 - 0x00007ffcdf468000 	C:\WINDOWS\System32\RPCRT4.dll
0x00007ffcded80000 - 0x00007ffcdee02000 	C:\WINDOWS\System32\WS2_32.dll
0x00007ffcddb90000 - 0x00007ffcddbee000 	C:\WINDOWS\SYSTEM32\POWRPROF.dll
0x00007ffcd1190000 - 0x00007ffcd11c6000 	C:\WINDOWS\SYSTEM32\WINMM.dll
0x00007ffcdc310000 - 0x00007ffcdc31b000 	C:\WINDOWS\SYSTEM32\VERSION.dll
0x00007ffcddb70000 - 0x00007ffcddb85000 	C:\WINDOWS\SYSTEM32\UMPDC.dll
0x00007ffcdc450000 - 0x00007ffcdc46b000 	C:\WINDOWS\SYSTEM32\kernel.appcore.dll
0x00007ffcc1dd0000 - 0x00007ffcc1dda000 	C:\Program Files\Java\jdk-23\bin\jimage.dll
0x00007ffcdd5c0000 - 0x00007ffcdd802000 	C:\WINDOWS\SYSTEM32\DBGHELP.DLL
0x00007ffcdee80000 - 0x00007ffcdf205000 	C:\WINDOWS\System32\combase.dll
0x00007ffcdea00000 - 0x00007ffcdead9000 	C:\WINDOWS\System32\OLEAUT32.dll
0x00007ffcdd390000 - 0x00007ffcdd3cb000 	C:\WINDOWS\SYSTEM32\dbgcore.DLL
0x00007ffcde6e0000 - 0x00007ffcde78c000 	C:\WINDOWS\System32\bcryptPrimitives.dll
0x00007ffcc1ab0000 - 0x00007ffcc1abf000 	C:\Program Files\Java\jdk-23\bin\instrument.dll
0x00007ffcbfa10000 - 0x00007ffcbfa2e000 	C:\Program Files\Java\jdk-23\bin\java.dll
0x00007ffcdfb10000 - 0x00007ffcdfca9000 	C:\WINDOWS\System32\ole32.dll
0x00007ffcdfe20000 - 0x00007ffce05a8000 	C:\WINDOWS\System32\SHELL32.dll
0x00007ffcda610000 - 0x00007ffcdaeab000 	C:\WINDOWS\SYSTEM32\windows.storage.dll
0x00007ffcdfcb0000 - 0x00007ffcdfda9000 	C:\WINDOWS\System32\SHCORE.dll
0x00007ffce05b0000 - 0x00007ffce0616000 	C:\WINDOWS\System32\shlwapi.dll
0x00007ffcddc30000 - 0x00007ffcddc59000 	C:\WINDOWS\SYSTEM32\profapi.dll
0x00007ffc92740000 - 0x00007ffc92817000 	C:\Program Files\Java\jdk-23\bin\jsvml.dll
0x00007ffcbcd40000 - 0x00007ffcbcd57000 	C:\Program Files\Java\jdk-23\bin\zip.dll
0x00007ffcc0890000 - 0x00007ffcc08a0000 	C:\Program Files\Java\jdk-23\bin\net.dll
0x00007ffcdbe70000 - 0x00007ffcdbedc000 	C:\WINDOWS\system32\mswsock.dll
0x00007ffcb5fb0000 - 0x00007ffcb5fc6000 	C:\Program Files\Java\jdk-23\bin\nio.dll
0x00007ffcb5f90000 - 0x00007ffcb5fa0000 	C:\Program Files\Java\jdk-23\bin\verify.dll
0x00007ffcae0b0000 - 0x00007ffcae0d7000 	C:\Users\DELL\.gradle\native\660c5614fbf4a5f2a75b1949f50a0caf5cd603558e7d8a26e50b933a0cfb79d1\windows-amd64\native-platform.dll
0x00007ffc75240000 - 0x00007ffc752b7000 	C:\Users\DELL\.gradle\native\0.2.8\x86_64-windows-gnu\gradle-fileevents.dll
0x00007ffcbcd30000 - 0x00007ffcbcd3a000 	C:\Program Files\Java\jdk-23\bin\management.dll
0x00007ffcb5fa0000 - 0x00007ffcb5fab000 	C:\Program Files\Java\jdk-23\bin\management_ext.dll
0x00007ffce0ab0000 - 0x00007ffce0ab8000 	C:\WINDOWS\System32\PSAPI.DLL
0x00007ffcdb380000 - 0x00007ffcdb3b3000 	C:\WINDOWS\SYSTEM32\IPHLPAPI.DLL
0x00007ffcdfe10000 - 0x00007ffcdfe1a000 	C:\WINDOWS\System32\NSI.dll
0x00007ffcb5f80000 - 0x00007ffcb5f89000 	C:\Program Files\Java\jdk-23\bin\extnet.dll
0x00007ffcdd810000 - 0x00007ffcdd82b000 	C:\WINDOWS\SYSTEM32\CRYPTSP.dll
0x00007ffcdc280000 - 0x00007ffcdc2b9000 	C:\WINDOWS\system32\rsaenh.dll
0x00007ffcdbef0000 - 0x00007ffcdbf22000 	C:\WINDOWS\SYSTEM32\USERENV.dll
0x00007ffcddc00000 - 0x00007ffcddc2a000 	C:\WINDOWS\SYSTEM32\bcrypt.dll
0x00007ffcdc260000 - 0x00007ffcdc26c000 	C:\WINDOWS\SYSTEM32\CRYPTBASE.dll
0x00007ffcb5320000 - 0x00007ffcb532e000 	C:\Program Files\Java\jdk-23\bin\sunmscapi.dll
0x00007ffcde310000 - 0x00007ffcde48e000 	C:\WINDOWS\System32\CRYPT32.dll
0x00007ffcdcd60000 - 0x00007ffcdcd90000 	C:\WINDOWS\SYSTEM32\ncrypt.dll
0x00007ffcdcd10000 - 0x00007ffcdcd4f000 	C:\WINDOWS\SYSTEM32\NTASN1.dll
0x00007ffcc1d60000 - 0x00007ffcc1d68000 	C:\WINDOWS\system32\wshunix.dll
0x00007ffcb62c0000 - 0x00007ffcb62d8000 	C:\WINDOWS\system32\napinsp.dll
0x00007ffcdb410000 - 0x00007ffcdb568000 	C:\WINDOWS\SYSTEM32\DNSAPI.dll
0x00007ffcdbc70000 - 0x00007ffcdbc7d000 	C:\WINDOWS\SYSTEM32\DSPARSE.dll
0x00007ffcb5950000 - 0x00007ffcb5963000 	C:\WINDOWS\System32\winrnr.dll
0x00007ffcb58c0000 - 0x00007ffcb58e2000 	C:\WINDOWS\system32\nlansp_c.dll
0x00007ffcc1980000 - 0x00007ffcc1996000 	C:\WINDOWS\system32\wshbth.dll
0x00007ffcd1090000 - 0x00007ffcd109b000 	C:\Windows\System32\rasadhlp.dll
0x00007ffcd4760000 - 0x00007ffcd47e6000 	C:\WINDOWS\System32\fwpuclnt.dll
0x00007ffcd10c0000 - 0x00007ffcd10de000 	C:\Users\DELL\AppData\Local\Temp\native-platform2711803936647303412dir\native-platform.dll
0x00007ffcc2650000 - 0x00007ffcc2657000 	C:\Program Files\Java\jdk-23\bin\rmi.dll

dbghelp: loaded successfully - version: 4.0.5 - missing functions: none
symbol engine: initialized successfully - sym options: 0x614 - pdb path: .;C:\Program Files\Java\jdk-23\bin;C:\WINDOWS\SYSTEM32;C:\WINDOWS\WinSxS\amd64_microsoft.windows.common-controls_6595b64144ccf1df_6.0.26100.8972_none_3e0da176e32f9d4b;C:\Program Files\Java\jdk-23\bin\server;C:\Users\DELL\.gradle\native\660c5614fbf4a5f2a75b1949f50a0caf5cd603558e7d8a26e50b933a0cfb79d1\windows-amd64;C:\Users\DELL\.gradle\native\0.2.8\x86_64-windows-gnu;C:\Users\DELL\AppData\Local\Temp\native-platform2711803936647303412dir

VM Arguments:
jvm_args: --add-opens=java.base/java.lang=ALL-UNNAMED --add-opens=java.base/java.lang.invoke=ALL-UNNAMED --add-opens=java.base/java.util=ALL-UNNAMED --add-opens=java.prefs/java.util.prefs=ALL-UNNAMED --add-exports=jdk.compiler/com.sun.tools.javac.api=ALL-UNNAMED --add-exports=jdk.compiler/com.sun.tools.javac.util=ALL-UNNAMED --add-opens=java.base/java.nio.charset=ALL-UNNAMED --add-opens=java.base/java.net=ALL-UNNAMED --add-opens=java.base/java.util.concurrent=ALL-UNNAMED --add-opens=java.base/java.util.concurrent.atomic=ALL-UNNAMED --add-opens=java.xml/javax.xml.namespace=ALL-UNNAMED --add-opens=java.base/java.time=ALL-UNNAMED -Xmx3072m -Dfile.encoding=UTF-8 -Duser.country=US -Duser.language=en -Duser.variant -javaagent:C:\ProgramData\chocolatey\lib\gradle\tools\gradle-9.7.0\lib\agents\gradle-instrumentation-agent-9.7.0.jar 
java_command: org.gradle.launcher.daemon.bootstrap.GradleDaemon 9.7.0
java_class_path (initial): C:\ProgramData\chocolatey\lib\gradle\tools\gradle-9.7.0\lib\gradle-daemon-server-9.7.0.jar
Launcher Type: SUN_STANDARD

[Global flags]
     intx CICompilerCount                          = 4                                         {product} {ergonomic}
     uint ConcGCThreads                            = 2                                         {product} {ergonomic}
     uint G1ConcRefinementThreads                  = 8                                         {product} {ergonomic}
   size_t G1HeapRegionSize                         = 2097152                                   {product} {ergonomic}
   size_t InitialHeapSize                          = 130023424                                 {product} {ergonomic}
   size_t MarkStackSize                            = 4194304                                   {product} {ergonomic}
   size_t MarkStackSizeMax                         = 536870912                                 {product} {ergonomic}
   size_t MaxHeapSize                              = 3221225472                                {product} {command line}
   size_t MaxNewSize                               = 1931476992                                {product} {ergonomic}
   size_t MinHeapDeltaBytes                        = 2097152                                   {product} {ergonomic}
   size_t MinHeapSize                              = 8388608                                   {product} {ergonomic}
    uintx NonNMethodCodeHeapSize                   = 5832704                                {pd product} {ergonomic}
    uintx NonProfiledCodeHeapSize                  = 122945536                              {pd product} {ergonomic}
    uintx ProfiledCodeHeapSize                     = 122880000                              {pd product} {ergonomic}
    uintx ReservedCodeCacheSize                    = 251658240                              {pd product} {ergonomic}
     bool SegmentedCodeCache                       = true                                      {product} {ergonomic}
   size_t SoftMaxHeapSize                          = 3221225472                             {manageable} {ergonomic}
     bool UseCompressedOops                        = true                           {product lp64_product} {ergonomic}
     bool UseG1GC                                  = true                                      {product} {ergonomic}
     bool UseLargePagesIndividualAllocation        = false                                  {pd product} {ergonomic}

Logging:
Log output configuration:
 #0: stdout all=warning uptime,level,tags foldmultilines=false
 #1: stderr all=off uptime,level,tags foldmultilines=false

Environment Variables:
JAVA_HOME=C:\Program Files\Java\jdk-23
PATH=C:\Program Files\PowerShell\7;C:\Python314\Scripts\;C:\Python314\;C:\Program Files\Common Files\Oracle\Java\javapath;C:\msys64\ucrt64\bin\Scripts\;C:\msys64\ucrt64\bin\;C:\WINDOWS\system32;C:\WINDOWS;C:\WINDOWS\System32\Wbem;C:\WINDOWS\System32\WindowsPowerShell\v1.0\;C:\WINDOWS\System32\OpenSSH\;C:\Program Files\Microsoft SQL Server\Client SDK\ODBC\170\Tools\Binn\;C:\Program Files\dotnet\;C:\Program Files\Apache\Maven\apache-maven-3.9.9\bin;C:\Program Files\MongoDB\Server\8.0\bin;C:\Program Files\MongoDB\Tools\100\bin;C:\Users\DELL\AppData\Local\Programs\mongosh;C:\Program Files\cursor\resources\app\bin;C:\Program Files (x86)\Windows Kits\10\Windows Performance Toolkit\;C:\Program Files\Cloudflare\Cloudflare WARP\;C:\Program Files\CMake\bin;C:\ProgramData\chocolatey\bin;C:\Program Files\nodejs\;C:\Program Files\Neovim\bin;C:\Program Files\Docker\Docker\resources\bin;C:\Program Files (x86)\cloudflared\;C:\Program Files\PowerShell\7\;C:\Users\DELL\.local\bin;'C:\Users\DELL\AppData\Roaming\Python\Python314\Scripts;C:\Program Files\Git\cmd;C:\Users\DELL\.local\share\solana\install\active_release\bin;C:\Users\DELL\anaconda3;C:\Users\DELL\anaconda3\Library\mingw-w64\bin;C:\Users\DELL\anaconda3\Library\usr\bin;C:\Users\DELL\anaconda3\Library\bin;C:\Users\DELL\anaconda3\Scripts;C:\Users\DELL\AppData\Local\Programs\Python\Python310\Scripts\;C:\Users\DELL\AppData\Local\Programs\Python\Python310\;C:\Users\DELL\AppData\Local\Programs\Python\Launcher\;C:\Users\DELL\.cargo\bin;C:\Users\DELL\AppData\Local\Programs\VS code 2\bin;C:\flutter\bin;C:\Users\DELL\AppData\Local\Android\Sdk;C:\Users\DELL\AppData\Local\Android\Sdk\platform-tools;C:\Users\DELL\.dotnet\tools;C:\Program Files\Java\jdk-23\bin;C:\msys64\usr\bin;C:\msys64\ucrt64\bin;C:\Users\DELL\AppData\Local\Microsoft\WindowsApps;C:\Program Files\Apache\Maven\apache-maven-3.9.9\bin;C:\Program Files\JetBrains\IntelliJ IDEA Community Edition 2024.3.1.1\bin;C:\Program Files\MongoDB\Server\8.0\bin;C:\Program Files\MongoDB\Tools\100\bin;C:\Program Files\MongoDB\Server\8.0\bin;C:\Users\DELL\AppData\Local\Programs\mongosh;C:\Users\DELL\.lmstudio\bin;C:\Users\DELL\AppData\Local\Programs\Windsurf\bin;C:\Users\DELL\AppData\Local\Programs\Antigravity\bin;C:\Program Files\mitmproxy\bin;C:\Users\DELL\AppData\Local\SpacetimeDB;C:\Users\DELL\AppData\Roaming\npm;C:\Users\DELL\AppData\Local\Programs\cursor\resources\app\bin;C:\Users\DELL\AppData\Local\trapdoor;C:\Users\DELL\AppData\Local\Kiro-Cli\;C:\Users\DELL\AppData\Local\Programs\Devin\bin;C:\Users\DELL\AppData\Local\devin\cli\bin;C:\Users\DELL\.local\bin;'C:\Users\DELL\AppData\Roaming\Python\Python314\Scripts;C:\Users\DELL\AppData\Local\Programs\Antigravity IDE\bin
USERNAME=DELL
OS=Windows_NT
PROCESSOR_IDENTIFIER=Intel64 Family 6 Model 140 Stepping 1, GenuineIntel
TMP=C:\Users\DELL\AppData\Local\Temp
TEMP=C:\Users\DELL\AppData\Local\Temp




Periodic native trim disabled

---------------  S Y S T E M  ---------------

OS:
 Windows 11 , 64 bit Build 26100 (10.0.26100.9168)
OS uptime: 4 days 16:30 hours
Hyper-V role detected

CPU: total 8 (initial active 8) (4 cores per cpu, 2 threads per core) family 6 model 140 stepping 1 microcode 0xbe, cx8, cmov, fxsr, ht, mmx, 3dnowpref, sse, sse2, sse3, ssse3, sse4.1, sse4.2, popcnt, lzcnt, tsc, tscinvbit, avx, avx2, aes, erms, clmul, bmi1, bmi2, adx, avx512f, avx512dq, avx512cd, avx512bw, avx512vl, sha, fma, vzeroupper, avx512_vpopcntdq, avx512_vpclmulqdq, avx512_vaes, avx512_vnni, clflush, clflushopt, clwb, avx512_vbmi2, avx512_vbmi, hv, rdtscp, rdpid, fsrm, gfni, avx512_bitalg, f16c, cet_ibt, cet_ss, avx512_ifma
Processor Information for the first 8 processors :
  Max Mhz: 1498, Current Mhz: 1498, Mhz Limit: 1498

Memory: 4k page, system-wide physical 7914M (582M free)
TotalPageFile size 17000M (AvailPageFile size 97M)
current process WorkingSet (physical memory assigned to process): 1361M, peak: 1395M
current process commit charge ("private bytes"): 1711M, peak: 2052M

vm_info: Java HotSpot(TM) 64-Bit Server VM (23.0.1+11-39) for windows-amd64 JRE (23.0.1+11-39), built on 2024-09-30T07:20:43Z with MS VC++ 17.6 (VS2022)

END.
